2,1,287,366,50,50,1,1,1
2,2,327,554,50,50,1,1,1
2,3,556,364,50,50,1,1,1
2,4,517,557,50,50,1,1,1
3,1,287,366,50,50,1,1,1
3,2,327,554,50,50,1,1,1
3,3,556,365,50,50,1,1,1
3,4,509,560,66,44,1,1,1
4,1,268,363,86,56,1,1,1
4,2,327,554,50,50,1,1,1
4,3,547,364,68,52,1,1,1
4,4,510,559,66,44,1,1,1
5,1,269,362,86,56,1,1,1
5,2,326,553,50,50,1,1,1
5,3,547,363,68,52,1,1,1
5,4,513,559,60,44,1,1,1
6,1,269,363,86,56,1,1,1
6,2,327,553,50,50,1,1,1
6,3,546,363,68,52,1,1,1
6,4,513,558,62,46,1,1,1
7,1,267,362,86,56,1,1,1
7,2,327,554,50,50,1,1,1
7,3,540,362,82,54,1,1,1
7,4,511,558,62,46,1,1,1
8,1,269,362,86,56,1,1,1
8,2,326,553,50,50,1,1,1
8,3,539,362,82,54,1,1,1
8,4,513,558,58,46,1,1,1
9,1,268,362,86,56,1,1,1
9,2,326,552,50,50,1,1,1
9,3,539,362,82,54,1,1,1
9,4,514,558,58,46,1,1,1
10,1,266,364,90,54,1,1,1
10,2,327,552,50,50,1,1,1
10,3,539,362,82,54,1,1,1
10,4,516,558,52,46,1,1,1
11,1,266,363,90,54,1,1,1
11,2,326,553,50,50,1,1,1
11,3,540,363,82,54,1,1,1
11,4,516,558,52,46,1,1,1
12,1,266,363,90,54,1,1,1
12,2,327,553,50,50,1,1,1
12,3,539,362,82,54,1,1,1
12,4,516,558,52,46,1,1,1
13,1,265,363,92,56,1,1,1
13,2,326,553,50,50,1,1,1
13,3,540,363,82,54,1,1,1
13,4,516,558,52,46,1,1,1
14,1,265,362,92,56,1,1,1
14,2,326,553,50,50,1,1,1
14,3,531,364,100,52,1,1,1
14,4,516,558,52,46,1,1,1
15,1,265,363,92,56,1,1,1
15,2,327,553,50,50,1,1,1
15,3,529,364,100,52,1,1,1
15,4,516,559,52,46,1,1,1
16,1,265,363,90,56,1,1,1
16,2,326,554,50,50,1,1,1
16,3,530,364,100,52,1,1,1
16,4,515,559,52,46,1,1,1
17,1,266,363,90,56,1,1,1
17,2,326,554,50,50,1,1,1
17,3,530,363,102,54,1,1,1
17,4,516,558,52,46,1,1,1
18,1,266,363,90,56,1,1,1
18,2,327,554,50,50,1,1,1
18,3,527,363,102,54,1,1,1
18,4,516,559,52,46,1,1,1
19,1,265,363,90,56,1,1,1
19,2,327,553,50,50,1,1,1
19,3,528,363,102,54,1,1,1
19,4,516,559,52,46,1,1,1
20,1,266,362,90,56,1,1,1
20,2,325,553,50,50,1,1,1
20,3,529,363,102,54,1,1,1
20,4,513,558,58,46,1,1,1
21,1,266,363,90,56,1,1,1
21,2,327,554,50,50,1,1,1
21,3,527,363,102,54,1,1,1
21,4,512,558,58,46,1,1,1
22,1,266,363,90,56,1,1,1
22,2,326,553,50,50,1,1,1
22,3,530,363,102,54,1,1,1
22,4,512,558,58,46,1,1,1
23,1,266,362,90,56,1,1,1
23,2,325,553,50,50,1,1,1
23,3,529,363,102,54,1,1,1
23,4,511,558,62,46,1,1,1
24,1,264,363,90,56,1,1,1
24,2,326,553,50,50,1,1,1
24,3,528,363,102,54,1,1,1
24,4,510,558,62,46,1,1,1
25,1,266,363,90,56,1,1,1
25,2,325,553,50,50,1,1,1
25,3,530,363,102,54,1,1,1
25,4,515,558,52,46,1,1,1
26,1,266,363,90,56,1,1,1
26,2,331,554,42,48,1,1,1
26,3,528,362,102,54,1,1,1
26,4,512,557,60,48,1,1,1
27,1,268,363,84,56,1,1,1
27,2,331,554,42,48,1,1,1
27,3,527,362,102,54,1,1,1
27,4,511,556,60,48,1,1,1
28,1,269,363,84,56,1,1,1
28,2,330,554,42,48,1,1,1
28,3,530,363,102,54,1,1,1
28,4,515,557,52,46,1,1,1
29,1,269,363,84,56,1,1,1
29,2,330,554,42,48,1,1,1
29,3,528,362,102,54,1,1,1
29,4,516,558,52,46,1,1,1
30,1,265,363,88,56,1,1,1
30,2,331,554,42,48,1,1,1
30,3,528,363,102,54,1,1,1
30,4,514,557,52,46,1,1,1
31,1,273,361,76,58,1,1,1
31,2,330,553,42,48,1,1,1
31,3,529,362,102,54,1,1,1
31,4,511,557,62,46,1,1,1
32,1,272,362,76,58,1,1,1
32,2,331,554,42,48,1,1,1
32,3,528,363,102,54,1,1,1
32,4,511,557,60,46,1,1,1
33,1,271,361,76,58,1,1,1
33,2,330,553,42,48,1,1,1
33,3,528,363,102,54,1,1,1
33,4,510,558,60,46,1,1,1
34,1,273,362,76,58,1,1,1
34,2,331,553,42,48,1,1,1
34,3,529,362,102,54,1,1,1
34,4,510,558,62,46,1,1,1
35,1,272,362,76,58,1,1,1
35,2,332,553,42,48,1,1,1
35,3,528,363,102,54,1,1,1
35,4,512,556,58,48,1,1,1
36,1,272,362,76,58,1,1,1
36,2,329,553,42,48,1,1,1
36,3,529,363,102,54,1,1,1
36,4,515,557,52,46,1,1,1
37,1,273,362,76,58,1,1,1
37,2,331,553,42,48,1,1,1
37,3,528,363,102,54,1,1,1
37,4,511,556,60,48,1,1,1
38,1,271,362,76,58,1,1,1
38,2,330,553,42,48,1,1,1
38,3,527,363,102,54,1,1,1
38,4,510,557,60,48,1,1,1
39,1,271,362,76,58,1,1,1
39,2,329,553,42,48,1,1,1
39,3,529,363,102,54,1,1,1
39,4,512,557,58,46,1,1,1
40,1,271,362,76,58,1,1,1
40,2,331,554,42,48,1,1,1
40,3,528,363,102,54,1,1,1
40,4,512,557,58,46,1,1,1
41,1,270,362,76,58,1,1,1
41,2,331,553,42,48,1,1,1
41,3,535,364,88,52,1,1,1
41,4,511,557,58,46,1,1,1
42,1,272,363,76,58,1,1,1
42,2,329,554,42,48,1,1,1
42,3,536,363,88,52,1,1,1
42,4,511,557,60,46,1,1,1
43,1,272,363,76,58,1,1,1
43,2,331,554,42,48,1,1,1
43,3,535,364,88,52,1,1,1
43,4,510,557,60,46,1,1,1
44,1,271,363,76,58,1,1,1
44,2,330,554,42,48,1,1,1
44,3,535,364,88,52,1,1,1
44,4,510,557,60,46,1,1,1
45,1,271,363,76,58,1,1,1
45,2,329,554,42,48,1,1,1
45,3,534,364,88,52,1,1,1
45,4,511,559,60,44,1,1,1
46,1,272,363,76,58,1,1,1
46,2,331,554,42,48,1,1,1
46,3,535,363,88,52,1,1,1
46,4,510,558,60,44,1,1,1
47,1,271,362,76,58,1,1,1
47,2,331,554,42,48,1,1,1
47,3,535,363,88,52,1,1,1
47,4,510,558,60,44,1,1,1
48,1,270,363,76,58,1,1,1
48,2,330,553,42,48,1,1,1
48,3,534,363,88,52,1,1,1
48,4,511,557,60,46,1,1,1
49,1,272,363,76,58,1,1,1
49,2,331,554,42,48,1,1,1
49,3,534,363,88,52,1,1,1
49,4,510,557,60,46,1,1,1
50,1,270,362,76,58,1,1,1
50,2,330,553,42,48,1,1,1
50,3,535,364,88,52,1,1,1
50,4,509,557,60,46,1,1,1
51,1,271,362,76,58,1,1,1
51,2,330,552,42,48,1,1,1
51,3,534,363,88,52,1,1,1
51,4,510,556,60,46,1,1,1
52,1,271,363,76,58,1,1,1
52,2,330,553,42,48,1,1,1
52,3,534,363,88,52,1,1,1
52,4,511,557,58,44,1,1,1
53,1,270,362,76,58,1,1,1
53,2,330,552,42,48,1,1,1
53,3,535,363,88,52,1,1,1
53,4,510,557,58,44,1,1,1
54,1,271,361,76,58,1,1,1
54,2,330,552,42,48,1,1,1
54,3,534,363,88,52,1,1,1
54,4,510,557,58,44,1,1,1
55,1,270,362,76,58,1,1,1
55,2,328,555,48,42,1,1,1
55,3,534,362,88,52,1,1,1
55,4,509,555,60,46,1,1,1
56,1,270,362,76,58,1,1,1
56,2,326,555,48,42,1,1,1
56,3,536,362,88,52,1,1,1
56,4,509,555,60,46,1,1,1
57,1,271,362,76,58,1,1,1
57,2,327,555,48,42,1,1,1
57,3,534,362,88,52,1,1,1
57,4,509,556,60,46,1,1,1
58,1,262,363,92,56,1,1,1
58,2,327,555,48,42,1,1,1
58,3,535,363,88,52,1,1,1
58,4,513,554,50,48,1,1,1
59,1,262,362,92,56,1,1,1
59,2,326,555,48,42,1,1,1
59,3,535,363,88,52,1,1,1
59,4,514,555,50,48,1,1,1
60,1,262,363,92,56,1,1,1
60,2,328,555,48,42,1,1,1
60,3,534,362,88,52,1,1,1
60,4,514,554,50,48,1,1,1
61,1,261,363,92,56,1,1,1
61,2,327,555,48,42,1,1,1
61,3,536,363,88,52,1,1,1
61,4,513,555,50,48,1,1,1
62,1,262,363,92,56,1,1,1
62,2,327,554,48,42,1,1,1
62,3,534,363,88,52,1,1,1
62,4,509,556,60,46,1,1,1
63,1,262,363,92,56,1,1,1
63,2,327,555,48,42,1,1,1
63,3,533,363,88,52,1,1,1
63,4,508,556,60,46,1,1,1
64,1,262,363,92,56,1,1,1
64,2,326,554,48,42,1,1,1
64,3,535,363,88,52,1,1,1
64,4,508,555,60,46,1,1,1
65,1,262,363,92,56,1,1,1
65,2,327,553,46,44,1,1,1
65,3,536,362,88,52,1,1,1
65,4,511,555,54,46,1,1,1
66,1,262,363,92,56,1,1,1
66,2,328,553,46,44,1,1,1
66,3,533,363,88,52,1,1,1
66,4,506,556,62,44,1,1,1
67,1,260,363,92,56,1,1,1
67,2,327,552,46,44,1,1,1
67,3,534,362,88,52,1,1,1
67,4,506,556,62,44,1,1,1
68,1,261,362,92,56,1,1,1
68,2,327,552,46,44,1,1,1
68,3,535,362,88,52,1,1,1
68,4,509,555,56,44,1,1,1
69,1,261,362,92,56,1,1,1
69,2,328,553,46,44,1,1,1
69,3,537,360,80,54,1,1,1
69,4,506,556,62,44,1,1,1
70,1,261,362,92,56,1,1,1
70,2,323,553,54,42,1,1,1
70,3,540,360,80,54,1,1,1
70,4,514,555,46,44,1,1,1
71,1,261,362,92,56,1,1,1
71,2,323,552,54,42,1,1,1
71,3,529,360,98,54,1,1,1
71,4,508,555,60,44,1,1,1
72,1,260,362,92,56,1,1,1
72,2,325,552,54,42,1,1,1
72,3,528,360,98,54,1,1,1
72,4,507,554,60,44,1,1,1
73,1,260,362,92,56,1,1,1
73,2,323,552,54,42,1,1,1
73,3,530,360,98,54,1,1,1
73,4,506,554,60,44,1,1,1
74,1,261,362,92,56,1,1,1
74,2,323,552,54,42,1,1,1
74,3,535,360,88,54,1,1,1
74,4,506,554,62,44,1,1,1
75,1,259,362,92,56,1,1,1
75,2,324,552,54,42,1,1,1
75,3,534,360,88,54,1,1,1
75,4,505,554,62,44,1,1,1
76,1,261,362,92,56,1,1,1
76,2,322,552,54,42,1,1,1
76,3,535,360,88,54,1,1,1
76,4,508,556,58,42,1,1,1
77,1,259,362,92,56,1,1,1
77,2,324,552,54,42,1,1,1
77,3,533,360,88,54,1,1,1
77,4,507,554,58,44,1,1,1
78,1,259,361,92,56,1,1,1
78,2,323,552,54,42,1,1,1
78,3,535,360,88,54,1,1,1
78,4,506,554,58,44,1,1,1
79,1,261,361,92,56,1,1,1
79,2,323,551,54,42,1,1,1
79,3,533,358,90,56,1,1,1
79,4,506,554,62,44,1,1,1
80,1,261,361,88,56,1,1,1
80,2,324,552,54,42,1,1,1
80,3,532,359,90,56,1,1,1
80,4,509,554,54,44,1,1,1
81,1,261,361,88,56,1,1,1
81,2,324,549,50,46,1,1,1
81,3,534,359,90,56,1,1,1
81,4,508,555,56,42,1,1,1
82,1,262,361,88,56,1,1,1
82,2,325,549,50,46,1,1,1
82,3,536,358,84,56,1,1,1
82,4,506,555,62,42,1,1,1
83,1,256,361,96,56,1,1,1
83,2,325,550,50,46,1,1,1
83,3,536,359,84,56,1,1,1
83,4,504,555,62,42,1,1,1
84,1,257,361,96,56,1,1,1
84,2,324,550,50,46,1,1,1
84,3,536,358,84,56,1,1,1
84,4,505,554,62,44,1,1,1
85,1,258,362,96,56,1,1,1
85,2,325,550,50,46,1,1,1
85,3,542,360,72,54,1,1,1
85,4,506,553,58,46,1,1,1
86,1,256,361,94,56,1,1,1
86,2,325,550,50,46,1,1,1
86,3,535,360,86,54,1,1,1
86,4,506,553,58,46,1,1,1
87,1,257,361,94,56,1,1,1
87,2,327,550,44,44,1,1,1
87,3,535,360,86,54,1,1,1
87,4,506,554,60,44,1,1,1
88,1,258,361,94,56,1,1,1
88,2,328,551,44,44,1,1,1
88,3,542,360,72,54,1,1,1
88,4,506,556,58,42,1,1,1
89,1,258,361,94,56,1,1,1
89,2,325,550,46,44,1,1,1
89,3,542,359,72,54,1,1,1
89,4,506,556,58,42,1,1,1
90,1,258,361,94,56,1,1,1
90,2,327,550,46,44,1,1,1
90,3,541,360,74,54,1,1,1
90,4,505,556,60,42,1,1,1
91,1,256,360,94,56,1,1,1
91,2,327,551,46,44,1,1,1
91,3,542,359,74,54,1,1,1
91,4,513,553,44,46,1,1,1
92,1,257,361,94,56,1,1,1
92,2,326,550,46,44,1,1,1
92,3,541,359,74,54,1,1,1
92,4,503,554,64,44,1,1,1
93,1,259,362,88,54,1,1,1
93,2,327,551,46,44,1,1,1
93,3,541,359,74,54,1,1,1
93,4,510,552,50,48,1,1,1
94,1,259,362,88,54,1,1,1
94,2,324,551,50,42,1,1,1
94,3,542,359,74,54,1,1,1
94,4,510,552,50,48,1,1,1
95,1,260,363,88,54,1,1,1
95,2,325,551,50,42,1,1,1
95,3,534,359,86,54,1,1,1
95,4,505,554,60,44,1,1,1
96,1,257,362,92,54,1,1,1
96,2,324,551,50,42,1,1,1
96,3,536,359,86,54,1,1,1
96,4,511,552,48,48,1,1,1
97,1,257,361,92,54,1,1,1
97,2,324,551,50,42,1,1,1
97,3,536,359,86,54,1,1,1
97,4,507,554,56,44,1,1,1
98,1,258,362,92,54,1,1,1
98,2,324,551,50,42,1,1,1
98,3,535,359,86,54,1,1,1
98,4,502,554,64,44,1,1,1
99,1,257,362,92,54,1,1,1
99,2,324,551,50,42,1,1,1
99,3,535,359,86,54,1,1,1
99,4,507,553,54,46,1,1,1
100,1,258,361,92,54,1,1,1
100,2,323,550,50,42,1,1,1
100,3,536,359,86,54,1,1,1
100,4,506,554,56,44,1,1,1
101,1,258,362,92,54,1,1,1
101,2,324,550,50,42,1,1,1
101,3,535,358,86,54,1,1,1
101,4,503,552,62,46,1,1,1
102,1,260,362,86,54,1,1,1
102,2,325,550,50,42,1,1,1
102,3,535,358,86,54,1,1,1
102,4,507,551,54,48,1,1,1
103,1,257,360,94,56,1,1,1
103,2,324,550,50,42,1,1,1
103,3,538,358,86,54,1,1,1
103,4,507,551,54,48,1,1,1
104,1,257,361,94,56,1,1,1
104,2,325,550,50,42,1,1,1
104,3,535,357,86,54,1,1,1
104,4,504,554,60,44,1,1,1
105,1,260,362,84,54,1,1,1
105,2,325,550,50,42,1,1,1
105,3,535,357,86,54,1,1,1
105,4,505,553,56,46,1,1,1
106,1,262,362,84,54,1,1,1
106,2,324,550,50,42,1,1,1
106,3,538,358,86,54,1,1,1
106,4,507,551,54,48,1,1,1
107,1,262,362,84,54,1,1,1
107,2,325,550,50,42,1,1,1
107,3,535,358,86,54,1,1,1
107,4,504,551,60,48,1,1,1
108,1,261,362,84,54,1,1,1
108,2,324,550,50,42,1,1,1
108,3,536,357,86,54,1,1,1
108,4,503,551,60,48,1,1,1
109,1,262,361,84,54,1,1,1
109,2,324,550,50,42,1,1,1
109,3,538,358,86,54,1,1,1
109,4,505,552,58,46,1,1,1
110,1,266,362,74,54,1,1,1
110,2,325,550,50,42,1,1,1
110,3,535,358,86,54,1,1,1
110,4,502,552,62,46,1,1,1
111,1,266,362,74,54,1,1,1
111,2,324,550,50,42,1,1,1
111,3,538,357,86,54,1,1,1
111,4,502,552,62,46,1,1,1
112,1,267,362,74,54,1,1,1
112,2,324,550,50,42,1,1,1
112,3,537,358,86,54,1,1,1
112,4,504,554,60,44,1,1,1
113,1,265,362,74,54,1,1,1
113,2,325,550,50,42,1,1,1
113,3,535,358,86,54,1,1,1
113,4,503,554,60,44,1,1,1
114,1,267,362,74,54,1,1,1
114,2,323,550,50,44,1,1,1
114,3,537,358,86,54,1,1,1
114,4,505,552,58,46,1,1,1
115,1,267,362,74,54,1,1,1
115,2,325,550,50,44,1,1,1
115,3,537,357,86,54,1,1,1
115,4,504,553,58,46,1,1,1
116,1,265,363,74,54,1,1,1
116,2,325,550,50,44,1,1,1
116,3,536,357,86,54,1,1,1
116,4,504,553,58,46,1,1,1
117,1,266,362,74,54,1,1,1
117,2,325,549,50,44,1,1,1
117,3,538,357,86,54,1,1,1
117,4,505,553,58,46,1,1,1
118,1,267,363,74,54,1,1,1
118,2,325,549,50,44,1,1,1
118,3,538,356,86,56,1,1,1
118,4,505,552,60,46,1,1,1
119,1,257,363,90,54,1,1,1
119,2,326,550,50,44,1,1,1
119,3,536,356,86,56,1,1,1
119,4,504,553,60,46,1,1,1
120,1,257,363,90,54,1,1,1
120,2,325,550,50,44,1,1,1
120,3,539,356,86,56,1,1,1
120,4,504,553,60,46,1,1,1
121,1,259,363,90,54,1,1,1
121,2,326,550,50,44,1,1,1
121,3,542,356,78,56,1,1,1
121,4,503,553,62,46,1,1,1
122,1,257,363,90,54,1,1,1
122,2,325,550,50,44,1,1,1
122,3,541,356,78,56,1,1,1
122,4,502,554,62,46,1,1,1
123,1,258,363,90,54,1,1,1
123,2,324,550,50,44,1,1,1
123,3,543,356,78,56,1,1,1
123,4,506,553,58,46,1,1,1
124,1,258,362,88,56,1,1,1
124,2,325,550,50,44,1,1,1
124,3,546,356,70,56,1,1,1
124,4,505,554,58,46,1,1,1
125,1,258,362,88,56,1,1,1
125,2,324,550,50,44,1,1,1
125,3,547,356,70,56,1,1,1
125,4,505,554,58,46,1,1,1
126,1,260,363,88,56,1,1,1
126,2,326,550,50,44,1,1,1
126,3,541,356,80,56,1,1,1
126,4,504,553,60,48,1,1,1
127,1,256,361,92,58,1,1,1
127,2,325,551,50,44,1,1,1
127,3,540,356,82,56,1,1,1
127,4,503,553,60,48,1,1,1
128,1,258,362,92,58,1,1,1
128,2,325,550,50,44,1,1,1
128,3,541,356,82,56,1,1,1
128,4,503,553,62,48,1,1,1
129,1,257,362,92,58,1,1,1
129,2,325,551,50,44,1,1,1
129,3,545,356,72,56,1,1,1
129,4,504,553,58,48,1,1,1
130,1,257,361,92,58,1,1,1
130,2,324,551,50,44,1,1,1
130,3,546,357,72,56,1,1,1
130,4,504,553,58,48,1,1,1
131,1,258,362,92,58,1,1,1
131,2,326,550,50,44,1,1,1
131,3,546,356,72,56,1,1,1
131,4,502,553,62,48,1,1,1
132,1,256,361,92,58,1,1,1
132,2,324,550,50,44,1,1,1
132,3,546,356,72,56,1,1,1
132,4,502,553,62,48,1,1,1
133,1,257,361,92,58,1,1,1
133,2,326,550,46,44,1,1,1
133,3,546,356,72,56,1,1,1
133,4,504,554,60,46,1,1,1
134,1,258,362,92,58,1,1,1
134,2,328,549,46,44,1,1,1
134,3,543,358,76,54,1,1,1
134,4,504,553,58,48,1,1,1
135,1,256,361,92,58,1,1,1
135,2,326,550,46,44,1,1,1
135,3,544,357,76,54,1,1,1
135,4,504,553,58,48,1,1,1
136,1,257,361,92,58,1,1,1
136,2,326,549,46,44,1,1,1
136,3,544,357,76,54,1,1,1
136,4,505,554,58,46,1,1,1
137,1,261,364,84,54,1,1,1
137,2,327,549,46,44,1,1,1
137,3,544,357,76,54,1,1,1
137,4,505,553,56,48,1,1,1
138,1,261,363,84,54,1,1,1
138,2,323,551,52,42,1,1,1
138,3,545,357,76,54,1,1,1
138,4,505,553,56,48,1,1,1
139,1,261,363,84,54,1,1,1
139,2,323,550,52,42,1,1,1
139,3,544,357,76,54,1,1,1
139,4,503,554,60,46,1,1,1
140,1,263,364,80,54,1,1,1
140,2,324,551,52,42,1,1,1
140,3,544,357,76,54,1,1,1
140,4,505,553,56,48,1,1,1
141,1,257,361,92,58,1,1,1
141,2,324,551,52,42,1,1,1
141,3,546,356,76,54,1,1,1
141,4,511,553,44,48,1,1,1
142,1,257,361,92,58,1,1,1
142,2,328,550,44,44,1,1,1
142,3,544,357,76,54,1,1,1
142,4,504,554,60,46,1,1,1
143,1,257,362,92,58,1,1,1
143,2,329,550,44,44,1,1,1
143,3,544,357,76,54,1,1,1
143,4,506,554,56,46,1,1,1
144,1,256,362,94,56,1,1,1
144,2,328,549,44,44,1,1,1
144,3,545,356,76,54,1,1,1
144,4,507,553,54,46,1,1,1
145,1,257,354,94,56,1,1,1
145,2,329,538,44,44,1,1,1
145,3,544,347,76,54,1,1,1
145,4,505,541,54,46,1,1,1
146,1,256,329,94,56,1,1,1
146,2,331,507,44,44,1,1,1
146,3,546,319,76,54,1,1,1
146,4,503,503,54,46,1,1,1
147,1,255,299,94,56,1,1,1
147,2,334,473,44,44,1,1,1
147,3,549,287,76,54,1,1,1
147,4,498,468,54,40,1,1,1
148,1,252,273,94,56,1,1,1
148,2,334,445,44,44,1,1,1
148,3,552,255,76,54,1,1,1
148,4,496,439,54,40,1,1,1
149,1,248,234,98,68,1,1,1
149,2,335,415,44,44,1,1,1
149,3,556,222,76,54,1,1,1
149,4,497,406,54,40,1,1,1
150,1,246,210,98,68,1,1,1
150,2,336,389,44,44,1,1,1
150,3,562,187,76,54,1,1,1
150,4,495,373,54,40,1,1,1
151,1,239,184,110,78,1,1,1
151,2,336,370,44,44,1,1,1
151,3,566,160,76,54,1,1,1
151,4,497,347,54,40,1,1,1
152,1,237,176,110,78,1,1,1
152,2,336,358,44,44,1,1,1
152,3,569,142,76,54,1,1,1
152,4,506,328,38,38,1,1,1
153,1,237,181,110,78,1,1,1
153,2,336,355,44,44,1,1,1
153,3,569,139,76,54,1,1,1
153,4,506,319,38,38,1,1,1
154,1,253,207,82,70,1,1,1
154,2,337,363,44,44,1,1,1
154,3,566,152,76,54,1,1,1
154,4,504,321,38,38,1,1,1
155,1,256,232,82,70,1,1,1
155,2,336,379,44,44,1,1,1
155,3,563,174,76,54,1,1,1
155,4,504,331,38,38,1,1,1
156,1,258,258,82,70,1,1,1
156,2,336,396,44,44,1,1,1
156,3,559,196,76,54,1,1,1
156,4,505,342,38,38,1,1,1
157,1,261,283,82,70,1,1,1
157,2,336,413,44,44,1,1,1
157,3,555,218,76,54,1,1,1
157,4,504,354,38,38,1,1,1
158,1,263,304,82,70,1,1,1
158,2,337,428,44,44,1,1,1
158,3,551,237,76,54,1,1,1
158,4,504,365,38,38,1,1,1
159,1,263,322,82,70,1,1,1
159,2,336,440,44,44,1,1,1
159,3,549,252,76,54,1,1,1
159,4,504,374,38,38,1,1,1
160,1,263,336,82,70,1,1,1
160,2,335,450,44,44,1,1,1
160,3,548,262,76,54,1,1,1
160,4,503,376,38,38,1,1,1
161,1,262,345,82,70,1,1,1
161,2,335,454,44,44,1,1,1
161,3,547,266,76,54,1,1,1
161,4,503,377,38,38,1,1,1
162,1,266,352,82,70,1,1,1
162,2,336,456,44,44,1,1,1
162,3,547,269,76,54,1,1,1
162,4,502,376,38,38,1,1,1
163,1,264,357,82,70,1,1,1
163,2,335,457,44,44,1,1,1
163,3,547,269,76,54,1,1,1
163,4,493,373,54,38,1,1,1
164,1,262,360,82,70,1,1,1
164,2,335,455,44,44,1,1,1
164,3,547,266,76,54,1,1,1
164,4,499,369,42,36,1,1,1
165,1,262,368,88,56,1,1,1
165,2,336,451,44,44,1,1,1
165,3,546,263,76,54,1,1,1
165,4,501,362,42,36,1,1,1
166,1,262,369,88,56,1,1,1
166,2,337,448,44,44,1,1,1
166,3,547,258,76,54,1,1,1
166,4,500,355,42,36,1,1,1
167,1,263,371,88,56,1,1,1
167,2,337,443,44,44,1,1,1
167,3,548,253,76,54,1,1,1
167,4,499,347,42,36,1,1,1
168,1,261,373,88,56,1,1,1
168,2,338,439,44,44,1,1,1
168,3,547,249,76,54,1,1,1
168,4,502,339,38,38,1,1,1
169,1,260,373,88,56,1,1,1
169,2,337,435,44,44,1,1,1
169,3,547,245,76,54,1,1,1
169,4,502,334,38,38,1,1,1
170,1,262,375,88,56,1,1,1
170,2,337,434,44,44,1,1,1
170,3,547,242,76,54,1,1,1
170,4,495,329,52,38,1,1,1
171,1,263,380,88,56,1,1,1
171,2,338,432,44,44,1,1,1
171,3,548,239,76,54,1,1,1
171,4,495,324,52,38,1,1,1
172,1,264,385,88,56,1,1,1
172,2,338,431,44,44,1,1,1
172,3,547,239,76,54,1,1,1
172,4,495,321,52,38,1,1,1
173,1,264,389,88,56,1,1,1
173,2,269,391,78,52,1,1,1
173,3,546,239,76,54,1,1,1
173,4,495,318,52,38,1,1,1
174,1,264,394,88,56,1,1,1
174,2,266,395,84,54,1,1,1
174,3,530,232,108,70,1,1,1
174,4,495,316,52,38,1,1,1
175,1,266,398,88,58,1,1,1
175,2,318,428,84,54,1,1,1
175,3,530,233,108,70,1,1,1
175,4,498,314,46,40,1,1,1
176,1,265,404,88,58,1,1,1
176,2,320,430,84,54,1,1,1
176,3,529,235,108,70,1,1,1
176,4,497,314,46,40,1,1,1
177,1,266,410,88,58,1,1,1
177,2,319,431,84,54,1,1,1
177,3,528,237,108,70,1,1,1
177,4,497,313,46,40,1,1,1
178,1,268,416,88,58,1,1,1
178,2,320,432,84,54,1,1,1
178,3,527,238,108,70,1,1,1
178,4,497,313,46,40,1,1,1
179,1,269,423,88,58,1,1,1
179,2,319,434,84,54,1,1,1
179,3,527,239,108,70,1,1,1
179,4,497,312,46,40,1,1,1
180,1,267,431,88,58,1,1,1
180,2,318,435,84,54,1,1,1
180,3,527,240,108,70,1,1,1
180,4,498,311,46,40,1,1,1
181,1,263,435,88,58,1,1,1
181,2,319,434,84,54,1,1,1
181,3,525,241,108,70,1,1,1
181,4,497,310,46,40,1,1,1
182,1,264,440,88,58,1,1,1
182,2,320,434,84,54,1,1,1
182,3,525,241,108,70,1,1,1
182,4,498,308,46,40,1,1,1
183,1,265,444,88,58,1,1,1
183,2,320,434,84,54,1,1,1
183,3,526,240,108,70,1,1,1
183,4,497,307,46,40,1,1,1
184,1,267,447,88,58,1,1,1
184,2,338,445,44,34,1,1,1
184,3,525,240,108,70,1,1,1
184,4,493,306,54,38,1,1,1
185,1,267,450,88,58,1,1,1
185,2,336,443,46,36,1,1,1
185,3,524,239,108,70,1,1,1
185,4,492,303,56,38,1,1,1
186,1,267,452,88,58,1,1,1
186,2,279,452,64,58,1,1,1
186,3,523,238,108,70,1,1,1
186,4,491,302,56,38,1,1,1
187,1,266,454,88,58,1,1,1
187,2,270,454,80,58,1,1,1
187,3,524,238,108,70,1,1,1
187,4,492,300,56,38,1,1,1
188,1,266,456,88,58,1,1,1
188,2,268,456,84,58,1,1,1
188,3,523,237,108,70,1,1,1
188,4,491,298,56,38,1,1,1
189,1,266,459,88,58,1,1,1
189,2,267,458,86,60,1,1,1
189,3,522,236,108,70,1,1,1
189,4,491,295,56,38,1,1,1
190,1,266,461,88,58,1,1,1
190,2,272,460,76,60,1,1,1
190,3,522,236,108,70,1,1,1
190,4,491,294,56,38,1,1,1
191,1,269,464,88,58,1,1,1
191,2,325,427,76,60,1,1,1
191,3,523,235,108,70,1,1,1
191,4,491,293,56,38,1,1,1
192,1,268,466,88,58,1,1,1
192,2,326,427,76,60,1,1,1
192,3,522,235,108,70,1,1,1
192,4,491,291,56,38,1,1,1
193,1,267,467,88,58,1,1,1
193,2,272,464,78,64,1,1,1
193,3,521,236,108,70,1,1,1
193,4,490,290,56,38,1,1,1
194,1,269,470,88,58,1,1,1
194,2,274,468,78,62,1,1,1
194,3,522,235,108,70,1,1,1
194,4,490,289,56,38,1,1,1
195,1,271,473,88,58,1,1,1
195,2,325,426,78,62,1,1,1
195,3,520,236,108,70,1,1,1
195,4,490,289,56,38,1,1,1
196,1,271,475,88,58,1,1,1
196,2,326,427,78,62,1,1,1
196,3,519,236,108,70,1,1,1
196,4,490,287,56,38,1,1,1
197,1,271,477,88,58,1,1,1
197,2,326,426,78,62,1,1,1
197,3,520,235,108,70,1,1,1
197,4,490,286,56,38,1,1,1
198,1,271,479,88,58,1,1,1
198,2,325,426,78,62,1,1,1
198,3,518,236,108,70,1,1,1
198,4,490,286,56,38,1,1,1
199,1,272,481,88,58,1,1,1
199,2,326,426,78,62,1,1,1
199,3,518,236,108,70,1,1,1
199,4,489,285,56,38,1,1,1
200,1,273,482,88,58,1,1,1
200,2,326,427,78,62,1,1,1
200,3,519,235,108,70,1,1,1
200,4,489,284,56,38,1,1,1
201,1,273,484,88,58,1,1,1
201,2,326,426,78,62,1,1,1
201,3,518,236,108,70,1,1,1
201,4,490,284,56,38,1,1,1
202,1,272,486,88,58,1,1,1
202,2,326,426,78,62,1,1,1
202,3,516,236,108,70,1,1,1
202,4,489,282,56,38,1,1,1
203,1,273,487,88,58,1,1,1
203,2,327,425,78,62,1,1,1
203,3,518,235,108,70,1,1,1
203,4,489,281,56,38,1,1,1
204,1,274,488,88,58,1,1,1
204,2,327,426,78,62,1,1,1
204,3,517,235,108,70,1,1,1
204,4,488,281,56,38,1,1,1
205,1,273,489,88,58,1,1,1
205,2,326,426,78,62,1,1,1
205,3,515,236,108,70,1,1,1
205,4,488,280,56,38,1,1,1
206,1,274,490,88,58,1,1,1
206,2,327,426,78,62,1,1,1
206,3,515,235,108,70,1,1,1
206,4,488,279,56,38,1,1,1
207,1,275,491,88,58,1,1,1
207,2,328,425,78,62,1,1,1
207,3,515,235,108,70,1,1,1
207,4,488,278,56,38,1,1,1
208,1,275,492,88,58,1,1,1
208,2,328,425,78,62,1,1,1
208,3,514,235,108,70,1,1,1
208,4,487,277,56,38,1,1,1
209,1,275,494,88,58,1,1,1
209,2,328,425,78,62,1,1,1
209,3,513,235,108,70,1,1,1
209,4,487,277,56,38,1,1,1
210,1,275,494,88,58,1,1,1
210,2,328,425,78,62,1,1,1
210,3,515,234,108,70,1,1,1
210,4,486,275,56,38,1,1,1
211,1,276,495,88,58,1,1,1
211,2,329,424,78,62,1,1,1
211,3,513,234,108,70,1,1,1
211,4,487,275,56,38,1,1,1
212,1,276,496,88,58,1,1,1
212,2,329,424,78,62,1,1,1
212,3,514,233,108,70,1,1,1
212,4,487,275,56,38,1,1,1
213,1,277,495,88,58,1,1,1
213,2,328,425,78,62,1,1,1
213,3,514,233,108,70,1,1,1
213,4,486,274,56,38,1,1,1
214,1,276,497,88,58,1,1,1
214,2,329,424,78,62,1,1,1
214,3,512,234,108,70,1,1,1
214,4,486,273,56,38,1,1,1
215,1,276,498,88,58,1,1,1
215,2,330,424,78,62,1,1,1
215,3,511,234,108,70,1,1,1
215,4,486,273,56,38,1,1,1
216,1,278,499,88,58,1,1,1
216,2,330,425,78,62,1,1,1
216,3,513,233,108,70,1,1,1
216,4,486,272,56,38,1,1,1
217,1,278,500,88,58,1,1,1
217,2,330,425,78,62,1,1,1
217,3,512,233,108,70,1,1,1
217,4,485,272,56,38,1,1,1
218,1,279,499,88,58,1,1,1
218,2,330,424,78,62,1,1,1
218,3,510,234,108,70,1,1,1
218,4,485,271,56,38,1,1,1
219,1,279,501,88,58,1,1,1
219,2,330,424,78,62,1,1,1
219,3,510,233,108,70,1,1,1
219,4,485,270,56,38,1,1,1
220,1,279,501,88,58,1,1,1
220,2,330,424,78,62,1,1,1
220,3,510,233,108,70,1,1,1
220,4,484,270,56,38,1,1,1
221,1,280,501,88,58,1,1,1
221,2,332,424,78,62,1,1,1
221,3,510,233,108,70,1,1,1
221,4,484,269,56,38,1,1,1
222,1,280,501,88,58,1,1,1
222,2,332,424,78,62,1,1,1
222,3,508,233,108,70,1,1,1
222,4,484,269,56,38,1,1,1
223,1,281,501,88,58,1,1,1
223,2,331,423,78,62,1,1,1
223,3,509,233,108,70,1,1,1
223,4,484,269,56,38,1,1,1
224,1,282,502,88,58,1,1,1
224,2,331,423,78,62,1,1,1
224,3,509,232,108,70,1,1,1
224,4,484,268,56,38,1,1,1
225,1,282,503,88,58,1,1,1
225,2,332,423,78,62,1,1,1
225,3,508,233,108,70,1,1,1
225,4,483,268,56,38,1,1,1
226,1,282,503,88,58,1,1,1
226,2,332,422,78,62,1,1,1
226,3,506,233,108,70,1,1,1
226,4,483,267,56,38,1,1,1
227,1,282,503,88,58,1,1,1
227,2,333,423,78,62,1,1,1
227,3,507,232,108,70,1,1,1
227,4,484,266,56,38,1,1,1
228,1,282,503,88,58,1,1,1
228,2,333,423,78,62,1,1,1
228,3,507,232,108,70,1,1,1
228,4,483,266,56,38,1,1,1
229,1,283,504,88,58,1,1,1
229,2,333,423,78,62,1,1,1
229,3,506,232,108,70,1,1,1
229,4,482,266,56,38,1,1,1
230,1,285,504,88,58,1,1,1
230,2,333,422,78,62,1,1,1
230,3,505,232,108,70,1,1,1
230,4,482,265,56,38,1,1,1
231,1,284,504,88,58,1,1,1
231,2,333,422,78,62,1,1,1
231,3,504,232,108,70,1,1,1
231,4,483,264,56,38,1,1,1
232,1,283,506,88,58,1,1,1
232,2,333,422,78,62,1,1,1
232,3,506,231,104,70,1,1,1
232,4,483,265,56,38,1,1,1
233,1,289,505,78,58,1,1,1
233,2,335,422,78,62,1,1,1
233,3,506,231,104,70,1,1,1
233,4,482,264,56,38,1,1,1
234,1,290,504,78,58,1,1,1
234,2,334,421,78,62,1,1,1
234,3,504,232,104,70,1,1,1
234,4,482,264,56,38,1,1,1
235,1,291,504,78,58,1,1,1
235,2,333,421,78,62,1,1,1
235,3,506,231,104,70,1,1,1
235,4,482,263,56,38,1,1,1
236,1,292,504,78,58,1,1,1
236,2,334,422,78,62,1,1,1
236,3,505,232,104,70,1,1,1
236,4,481,263,56,38,1,1,1
237,1,291,506,78,58,1,1,1
237,2,335,421,78,62,1,1,1
237,3,503,232,104,70,1,1,1
237,4,481,262,56,38,1,1,1
238,1,291,506,78,58,1,1,1
238,2,335,422,78,62,1,1,1
238,3,503,232,104,70,1,1,1
238,4,481,263,56,38,1,1,1
239,1,292,506,78,58,1,1,1
239,2,335,422,78,62,1,1,1
239,3,504,231,104,70,1,1,1
239,4,481,262,56,38,1,1,1
240,1,293,506,78,58,1,1,1
240,2,336,421,78,62,1,1,1
240,3,502,232,104,70,1,1,1
240,4,480,261,56,38,1,1,1
241,1,293,506,78,58,1,1,1
241,2,336,421,78,62,1,1,1
241,3,501,231,104,70,1,1,1
241,4,481,261,56,38,1,1,1
242,1,292,507,78,58,1,1,1
242,2,336,422,78,62,1,1,1
242,3,503,230,104,70,1,1,1
242,4,480,261,56,38,1,1,1
243,1,293,506,78,58,1,1,1
243,2,337,422,78,62,1,1,1
243,3,481,256,54,46,1,1,1
243,4,480,260,56,38,1,1,1
244,1,294,506,78,58,1,1,1
244,2,337,421,78,62,1,1,1
244,3,526,243,54,46,1,1,1
244,4,481,260,56,38,1,1,1
245,1,295,506,78,58,1,1,1
245,2,336,420,78,62,1,1,1
245,3,525,242,54,46,1,1,1
245,4,480,259,56,38,1,1,1
246,1,293,507,78,58,1,1,1
246,2,337,420,78,62,1,1,1
246,3,480,255,54,46,1,1,1
246,4,479,259,56,38,1,1,1
247,1,294,506,78,58,1,1,1
247,2,338,421,78,62,1,1,1
247,3,484,255,46,46,1,1,1
247,4,479,259,56,38,1,1,1
248,1,295,506,78,58,1,1,1
248,2,338,420,78,62,1,1,1
248,3,484,254,48,46,1,1,1
248,4,480,258,56,38,1,1,1
249,1,297,505,78,58,1,1,1
249,2,336,420,78,62,1,1,1
249,3,481,252,54,48,1,1,1
249,4,480,257,56,38,1,1,1
250,1,297,506,78,58,1,1,1
250,2,339,420,78,62,1,1,1
250,3,481,252,54,48,1,1,1
250,4,480,257,56,38,1,1,1
251,1,296,506,78,58,1,1,1
251,2,338,420,78,62,1,1,1
251,3,522,241,54,48,1,1,1
251,4,477,258,56,38,1,1,1
252,1,297,505,78,58,1,1,1
252,2,337,419,78,62,1,1,1
252,3,479,251,58,48,1,1,1
252,4,480,256,56,38,1,1,1
253,1,299,505,78,58,1,1,1
253,2,339,419,78,62,1,1,1
253,3,480,249,56,50,1,1,1
253,4,480,255,56,38,1,1,1
254,1,298,505,78,58,1,1,1
254,2,340,419,78,62,1,1,1
254,3,524,238,56,50,1,1,1
254,4,479,255,56,38,1,1,1
255,1,298,506,78,58,1,1,1
255,2,339,419,78,62,1,1,1
255,3,522,238,56,50,1,1,1
255,4,477,256,56,38,1,1,1
256,1,297,506,80,56,1,1,1
256,2,338,419,78,62,1,1,1
256,3,479,250,56,48,1,1,1
256,4,479,255,56,38,1,1,1
257,1,297,507,80,56,1,1,1
257,2,339,419,78,62,1,1,1
257,3,478,249,58,48,1,1,1
257,4,479,254,56,38,1,1,1
258,1,298,506,80,56,1,1,1
258,2,340,419,78,62,1,1,1
258,3,519,240,58,48,1,1,1
258,4,478,255,56,38,1,1,1
259,1,299,506,80,56,1,1,1
259,2,339,418,78,62,1,1,1
259,3,520,239,58,48,1,1,1
259,4,478,253,56,38,1,1,1
260,1,301,508,76,54,1,1,1
260,2,340,418,78,62,1,1,1
260,3,495,229,100,68,1,1,1
260,4,478,254,56,38,1,1,1
261,1,300,509,76,54,1,1,1
261,2,341,419,78,62,1,1,1
261,3,479,250,54,46,1,1,1
261,4,478,254,56,38,1,1,1
262,1,301,508,76,54,1,1,1
262,2,341,419,78,62,1,1,1
262,3,518,240,54,46,1,1,1
262,4,478,254,56,38,1,1,1
263,1,303,507,76,54,1,1,1
263,2,340,418,78,62,1,1,1
263,3,517,241,54,46,1,1,1
263,4,478,254,56,38,1,1,1
264,1,304,507,76,54,1,1,1
264,2,341,417,78,62,1,1,1
264,3,478,250,56,46,1,1,1
264,4,478,254,56,38,1,1,1
265,1,302,508,76,54,1,1,1
265,2,342,418,78,62,1,1,1
265,3,480,250,44,46,1,1,1
265,4,474,254,56,38,1,1,1
266,1,302,508,76,54,1,1,1
266,2,341,418,78,62,1,1,1
266,3,521,239,44,46,1,1,1
266,4,477,253,56,38,1,1,1
267,1,304,507,76,54,1,1,1
267,2,342,417,78,62,1,1,1
267,3,521,240,44,46,1,1,1
267,4,476,253,56,38,1,1,1
268,1,304,507,76,54,1,1,1
268,2,342,417,78,62,1,1,1
268,3,523,238,44,46,1,1,1
268,4,476,252,56,38,1,1,1
269,1,304,507,76,54,1,1,1
269,2,341,417,78,62,1,1,1
269,3,476,247,56,48,1,1,1
269,4,476,252,56,38,1,1,1
270,1,304,507,76,54,1,1,1
270,2,341,417,78,62,1,1,1
270,3,513,237,56,48,1,1,1
270,4,479,251,56,38,1,1,1
271,1,305,506,76,54,1,1,1
271,2,343,417,78,62,1,1,1
271,3,481,244,44,50,1,1,1
271,4,475,250,56,38,1,1,1
272,1,307,506,76,54,1,1,1
272,2,342,417,78,62,1,1,1
272,3,517,236,44,50,1,1,1
272,4,476,251,56,38,1,1,1
273,1,305,506,76,54,1,1,1
273,2,343,417,78,62,1,1,1
273,3,518,236,44,50,1,1,1
273,4,475,250,56,38,1,1,1
274,1,306,505,76,54,1,1,1
274,2,344,416,78,62,1,1,1
274,3,479,244,50,50,1,1,1
274,4,476,250,56,38,1,1,1
275,1,307,505,76,54,1,1,1
275,2,343,416,78,62,1,1,1
275,3,514,236,50,50,1,1,1
275,4,475,249,56,38,1,1,1
276,1,308,505,76,54,1,1,1
276,2,343,415,78,62,1,1,1
276,3,474,245,52,48,1,1,1
276,4,472,250,56,38,1,1,1
277,1,307,506,76,54,1,1,1
277,2,344,416,78,62,1,1,1
277,3,515,235,52,48,1,1,1
277,4,472,249,56,38,1,1,1
278,1,308,505,76,54,1,1,1
278,2,344,415,78,62,1,1,1
278,3,512,236,52,48,1,1,1
278,4,474,249,56,38,1,1,1
279,1,309,505,76,54,1,1,1
279,2,345,415,78,62,1,1,1
279,3,512,236,52,48,1,1,1
279,4,474,249,56,38,1,1,1
280,1,309,505,76,54,1,1,1
280,2,345,415,78,62,1,1,1
280,3,515,234,52,48,1,1,1
280,4,473,248,56,38,1,1,1
281,1,308,506,76,54,1,1,1
281,2,343,416,78,62,1,1,1
281,3,475,243,54,50,1,1,1
281,4,474,249,56,38,1,1,1
282,1,309,505,76,54,1,1,1
282,2,345,416,78,62,1,1,1
282,3,511,234,54,50,1,1,1
282,4,474,250,56,38,1,1,1
283,1,310,505,76,54,1,1,1
283,2,346,415,78,62,1,1,1
283,3,510,234,54,50,1,1,1
283,4,474,250,56,38,1,1,1
284,1,310,506,76,54,1,1,1
284,2,344,416,78,62,1,1,1
284,3,511,234,54,50,1,1,1
284,4,471,249,56,38,1,1,1
285,1,309,507,76,54,1,1,1
285,2,345,416,78,62,1,1,1
285,3,473,244,56,48,1,1,1
285,4,473,249,56,38,1,1,1
286,1,309,506,76,54,1,1,1
286,2,346,416,78,62,1,1,1
286,3,508,235,56,48,1,1,1
286,4,473,249,56,38,1,1,1
287,1,311,506,76,54,1,1,1
287,2,345,415,78,62,1,1,1
287,3,505,235,56,48,1,1,1
287,4,474,249,56,38,1,1,1
288,1,311,507,76,54,1,1,1
288,2,346,415,78,62,1,1,1
288,3,509,234,56,48,1,1,1
288,4,471,248,56,38,1,1,1
289,1,310,506,76,54,1,1,1
289,2,347,416,78,62,1,1,1
289,3,507,235,56,48,1,1,1
289,4,472,247,56,38,1,1,1
290,1,311,505,76,54,1,1,1
290,2,346,415,78,62,1,1,1
290,3,506,234,56,48,1,1,1
290,4,473,248,56,38,1,1,1
291,1,316,504,70,58,1,1,1
291,2,346,414,78,62,1,1,1
291,3,471,241,54,50,1,1,1
291,4,470,247,56,38,1,1,1
292,1,318,505,66,54,1,1,1
292,2,347,415,78,62,1,1,1
292,3,509,232,54,50,1,1,1
292,4,476,241,46,50,1,1,1
293,1,317,505,66,54,1,1,1
293,2,346,415,78,62,1,1,1
293,3,492,222,84,70,1,1,1
293,4,479,239,46,50,1,1,1
294,1,317,505,66,54,1,1,1
294,2,348,414,78,62,1,1,1
294,3,470,242,60,48,1,1,1
294,4,477,241,46,50,1,1,1
295,1,317,504,66,54,1,1,1
295,2,349,414,78,62,1,1,1
295,3,492,223,86,68,1,1,1
295,4,475,240,46,50,1,1,1
296,1,319,503,68,58,1,1,1
296,2,348,414,78,62,1,1,1
296,3,490,223,86,68,1,1,1
296,4,475,241,46,48,1,1,1
297,1,314,504,74,56,1,1,1
297,2,347,414,78,62,1,1,1
297,3,469,241,56,48,1,1,1
297,4,474,241,46,48,1,1,1
298,1,313,505,74,56,1,1,1
298,2,348,414,78,62,1,1,1
298,3,494,221,74,70,1,1,1
298,4,475,241,46,48,1,1,1
299,1,314,504,74,56,1,1,1
299,2,350,414,78,62,1,1,1
299,3,475,238,44,52,1,1,1
299,4,474,240,46,48,1,1,1
300,1,317,502,72,60,1,1,1
300,2,348,414,78,62,1,1,1
300,3,469,238,54,52,1,1,1
300,4,473,240,46,48,1,1,1
301,1,317,503,72,60,1,1,1
301,2,348,414,78,62,1,1,1
301,3,503,230,54,52,1,1,1
301,4,473,240,46,48,1,1,1
302,1,317,503,72,60,1,1,1
302,2,349,414,78,62,1,1,1
302,3,503,230,54,52,1,1,1
302,4,472,239,46,48,1,1,1
303,1,317,502,74,60,1,1,1
303,2,349,414,78,62,1,1,1
303,3,469,241,58,48,1,1,1
303,4,475,241,46,48,1,1,1
304,1,319,505,72,56,1,1,1
304,2,349,413,78,62,1,1,1
304,3,469,239,52,50,1,1,1
304,4,472,240,46,48,1,1,1
305,1,319,505,72,56,1,1,1
305,2,349,414,78,62,1,1,1
305,3,483,221,90,70,1,1,1
305,4,472,240,46,48,1,1,1
306,1,319,505,72,56,1,1,1
306,2,348,414,78,62,1,1,1
306,3,484,220,90,70,1,1,1
306,4,471,240,46,48,1,1,1
307,1,317,506,74,54,1,1,1
307,2,350,413,78,62,1,1,1
307,3,491,223,70,68,1,1,1
307,4,474,241,46,48,1,1,1
308,1,318,506,74,54,1,1,1
308,2,351,413,78,62,1,1,1
308,3,486,221,84,70,1,1,1
308,4,472,240,46,48,1,1,1
309,1,320,506,74,54,1,1,1
309,2,349,414,78,62,1,1,1
309,3,477,221,98,70,1,1,1
309,4,471,241,46,48,1,1,1
310,1,318,506,74,54,1,1,1
310,2,349,413,78,62,1,1,1
310,3,468,240,50,48,1,1,1
310,4,470,240,46,48,1,1,1
311,1,318,506,74,54,1,1,1
311,2,351,413,78,62,1,1,1
311,3,499,233,50,48,1,1,1
311,4,471,240,46,48,1,1,1
312,1,324,506,66,54,1,1,1
312,2,350,413,78,62,1,1,1
312,3,467,241,52,48,1,1,1
312,4,470,241,46,48,1,1,1
313,1,323,510,66,48,1,1,1
313,2,350,413,78,62,1,1,1
313,3,486,220,78,70,1,1,1
313,4,470,240,46,48,1,1,1
314,1,323,509,66,48,1,1,1
314,2,350,413,78,62,1,1,1
314,3,485,221,78,70,1,1,1
314,4,470,239,46,48,1,1,1
315,1,319,506,76,54,1,1,1
315,2,352,413,78,62,1,1,1
315,3,466,238,52,50,1,1,1
315,4,469,239,46,48,1,1,1
316,1,326,508,64,50,1,1,1
316,2,351,413,78,62,1,1,1
316,3,470,240,44,48,1,1,1
316,4,469,240,46,48,1,1,1
317,1,326,508,64,50,1,1,1
317,2,350,413,78,62,1,1,1
317,3,501,230,44,48,1,1,1
317,4,469,239,46,48,1,1,1
318,1,322,507,72,52,1,1,1
318,2,352,412,78,62,1,1,1
318,3,466,237,50,50,1,1,1
318,4,468,238,46,48,1,1,1
319,1,323,506,72,52,1,1,1
319,2,353,412,78,62,1,1,1
319,3,467,239,48,48,1,1,1
319,4,468,239,46,48,1,1,1
320,1,324,507,72,52,1,1,1
320,2,353,413,78,62,1,1,1
320,3,471,240,40,46,1,1,1
320,4,468,239,46,48,1,1,1
321,1,325,506,72,52,1,1,1
321,2,351,413,78,62,1,1,1
321,3,466,239,48,46,1,1,1
321,4,467,238,46,48,1,1,1
322,1,324,507,72,52,1,1,1
322,2,352,412,78,62,1,1,1
322,3,466,237,50,50,1,1,1
322,4,468,238,46,48,1,1,1
323,1,324,506,72,52,1,1,1
323,2,354,413,78,62,1,1,1
323,3,471,238,40,48,1,1,1
323,4,468,238,46,48,1,1,1
324,1,327,506,72,52,1,1,1
324,2,353,412,78,62,1,1,1
324,3,465,241,50,44,1,1,1
324,4,467,239,46,48,1,1,1
325,1,326,506,72,52,1,1,1
325,2,352,412,78,62,1,1,1
325,3,495,231,50,44,1,1,1
325,4,466,237,46,48,1,1,1
326,1,325,506,72,52,1,1,1
326,2,353,412,78,62,1,1,1
326,3,468,238,44,48,1,1,1
326,4,467,238,46,48,1,1,1
327,1,326,506,72,52,1,1,1
327,2,355,412,78,62,1,1,1
327,3,497,230,44,48,1,1,1
327,4,466,237,46,48,1,1,1
328,1,327,506,72,52,1,1,1
328,2,355,412,78,62,1,1,1
328,3,496,229,44,48,1,1,1
328,4,467,238,46,48,1,1,1
329,1,327,507,72,52,1,1,1
329,2,354,412,78,62,1,1,1
329,3,496,229,44,48,1,1,1
329,4,466,238,46,48,1,1,1
330,1,328,506,72,52,1,1,1
330,2,353,412,78,62,1,1,1
330,3,495,229,44,48,1,1,1
330,4,466,238,46,48,1,1,1
331,1,328,505,72,52,1,1,1
331,2,354,412,78,62,1,1,1
331,3,479,220,74,68,1,1,1
331,4,466,238,46,48,1,1,1
332,1,328,505,72,52,1,1,1
332,2,354,411,78,62,1,1,1
332,3,479,220,74,68,1,1,1
332,4,466,238,46,48,1,1,1
333,1,328,506,72,52,1,1,1
333,2,355,411,78,62,1,1,1
333,3,480,220,74,68,1,1,1
333,4,465,237,46,48,1,1,1
334,1,329,505,72,52,1,1,1
334,2,356,412,78,62,1,1,1
334,3,478,219,74,68,1,1,1
334,4,465,237,46,48,1,1,1
335,1,330,505,72,52,1,1,1
335,2,357,412,78,62,1,1,1
335,3,462,239,52,46,1,1,1
335,4,465,238,46,48,1,1,1
336,1,338,502,62,56,1,1,1
336,2,357,412,78,62,1,1,1
336,3,460,239,56,46,1,1,1
336,4,465,238,46,48,1,1,1
337,1,337,503,62,56,1,1,1
337,2,356,412,78,62,1,1,1
337,3,485,230,56,46,1,1,1
337,4,464,237,46,48,1,1,1
338,1,337,503,62,56,1,1,1
338,2,355,412,78,62,1,1,1
338,3,478,216,72,72,1,1,1
338,4,464,237,46,48,1,1,1
339,1,339,503,62,56,1,1,1
339,2,356,412,78,62,1,1,1
339,3,477,217,72,72,1,1,1
339,4,464,237,46,48,1,1,1
340,1,339,502,62,56,1,1,1
340,2,359,411,78,62,1,1,1
340,3,476,217,72,72,1,1,1
340,4,464,237,46,48,1,1,1
341,1,340,503,60,56,1,1,1
341,2,358,412,78,62,1,1,1
341,3,475,217,72,72,1,1,1
341,4,465,238,44,46,1,1,1
342,1,346,502,50,58,1,1,1
342,2,357,412,78,62,1,1,1
342,3,462,239,48,44,1,1,1
342,4,464,238,44,46,1,1,1
343,1,347,502,50,58,1,1,1
343,2,358,411,78,62,1,1,1
343,3,459,236,54,48,1,1,1
343,4,464,237,44,46,1,1,1
344,1,346,502,50,58,1,1,1
344,2,358,411,78,62,1,1,1
344,3,484,229,54,48,1,1,1
344,4,463,237,44,46,1,1,1
345,1,346,503,50,58,1,1,1
345,2,359,411,78,62,1,1,1
345,3,464,236,44,48,1,1,1
345,4,464,237,44,46,1,1,1
346,1,345,506,56,52,1,1,1
346,2,358,412,78,62,1,1,1
346,3,459,238,54,46,1,1,1
346,4,464,238,44,46,1,1,1
347,1,337,505,72,52,1,1,1
347,2,359,411,78,62,1,1,1
347,3,460,234,48,50,1,1,1
347,4,462,236,44,46,1,1,1
348,1,338,505,72,52,1,1,1
348,2,359,410,78,62,1,1,1
348,3,463,237,42,46,1,1,1
348,4,462,237,44,46,1,1,1
349,1,337,505,72,52,1,1,1
349,2,362,411,78,62,1,1,1
349,3,458,234,56,50,1,1,1
349,4,464,236,44,46,1,1,1
350,1,348,504,52,54,1,1,1
350,2,359,411,78,62,1,1,1
350,3,463,236,40,46,1,1,1
350,4,461,236,44,46,1,1,1
351,1,339,503,72,54,1,1,1
351,2,361,411,78,62,1,1,1
351,3,459,235,48,48,1,1,1
351,4,461,236,44,46,1,1,1
352,1,340,503,72,54,1,1,1
352,2,362,410,78,62,1,1,1
352,3,458,234,52,50,1,1,1
352,4,462,236,44,46,1,1,1
353,1,339,504,72,54,1,1,1
353,2,361,411,78,62,1,1,1
353,3,479,227,52,50,1,1,1
353,4,463,233,46,50,1,1,1
354,1,347,502,58,56,1,1,1
354,2,361,410,78,62,1,1,1
354,3,480,227,52,50,1,1,1
354,4,460,236,48,46,1,1,1
355,1,349,501,58,56,1,1,1
355,2,362,410,78,62,1,1,1
355,3,481,227,52,50,1,1,1
355,4,459,235,48,46,1,1,1
356,1,349,501,58,56,1,1,1
356,2,362,410,78,62,1,1,1
356,3,478,228,52,50,1,1,1
356,4,461,231,46,52,1,1,1
357,1,344,504,66,52,1,1,1
357,2,363,410,78,62,1,1,1
357,3,474,228,52,50,1,1,1
358,1,347,504,62,50,1,1,1
358,2,363,410,78,62,1,1,1
358,3,476,227,52,50,1,1,1
358,4,457,232,54,50,1,1,1
359,1,349,504,62,50,1,1,1
359,2,362,409,78,62,1,1,1
359,3,459,234,46,48,1,1,1
359,4,457,232,54,50,1,1,1
360,1,341,504,80,52,1,1,1
360,2,363,410,78,62,1,1,1
360,3,478,229,46,48,1,1,1
360,4,460,235,42,46,1,1,1
361,1,339,504,80,52,1,1,1
361,2,365,410,78,62,1,1,1
361,3,475,228,46,48,1,1,1
362,1,340,503,80,52,1,1,1
362,2,364,410,78,62,1,1,1
362,3,475,228,46,48,1,1,1
363,1,352,501,60,56,1,1,1
363,2,363,410,78,62,1,1,1
363,3,475,228,46,48,1,1,1
364,1,354,501,60,56,1,1,1
364,2,365,409,78,62,1,1,1
364,3,479,228,46,48,1,1,1
364,4,457,232,48,50,1,1,1
365,1,351,501,60,56,1,1,1
365,2,364,409,78,62,1,1,1
365,3,474,229,46,48,1,1,1
366,1,346,502,70,56,1,1,1
366,2,364,410,78,62,1,1,1
366,3,473,228,46,48,1,1,1
367,1,353,501,60,56,1,1,1
367,2,366,409,78,62,1,1,1
367,3,473,228,46,48,1,1,1
368,1,354,502,60,56,1,1,1
368,2,365,409,78,62,1,1,1
368,3,473,229,46,48,1,1,1
369,1,353,502,60,56,1,1,1
369,2,366,409,78,62,1,1,1
369,3,472,228,46,48,1,1,1
370,1,353,501,60,56,1,1,1
370,2,367,409,78,62,1,1,1
370,3,471,228,46,48,1,1,1
371,1,356,502,60,56,1,1,1
371,2,365,408,78,62,1,1,1
371,3,471,228,46,48,1,1,1
372,1,357,502,60,56,1,1,1
372,2,365,408,78,62,1,1,1
372,3,471,228,46,48,1,1,1
373,1,344,502,78,56,1,1,1
373,2,368,409,78,62,1,1,1
373,3,470,228,46,48,1,1,1
374,1,346,502,78,56,1,1,1
374,2,367,409,78,62,1,1,1
374,3,469,228,46,48,1,1,1
375,1,357,503,62,54,1,1,1
375,2,366,409,78,62,1,1,1
375,3,470,228,46,48,1,1,1
376,1,356,504,62,54,1,1,1
376,2,368,409,78,62,1,1,1
376,3,469,229,46,48,1,1,1
377,1,355,503,62,54,1,1,1
377,2,367,409,78,62,1,1,1
377,3,468,229,46,48,1,1,1
378,1,350,501,70,58,1,1,1
378,2,368,410,78,62,1,1,1
378,3,467,228,46,48,1,1,1
379,1,354,502,70,58,1,1,1
379,2,368,409,78,62,1,1,1
379,3,468,228,46,48,1,1,1
380,1,353,503,70,58,1,1,1
380,2,367,409,78,62,1,1,1
380,3,467,229,46,48,1,1,1
381,1,350,502,72,58,1,1,1
381,2,369,410,78,62,1,1,1
381,3,466,229,46,48,1,1,1
382,1,352,502,72,58,1,1,1
382,2,370,409,78,62,1,1,1
382,3,466,229,46,48,1,1,1
383,1,355,502,72,58,1,1,1
383,2,368,409,78,62,1,1,1
383,3,466,229,46,48,1,1,1
384,1,353,503,72,58,1,1,1
384,2,369,409,78,62,1,1,1
384,3,465,229,46,48,1,1,1
385,1,352,503,72,58,1,1,1
385,2,370,409,78,62,1,1,1
385,3,465,229,46,48,1,1,1
386,1,352,502,72,58,1,1,1
386,2,370,410,78,62,1,1,1
386,3,464,229,46,48,1,1,1
387,1,360,506,62,50,1,1,1
387,2,370,409,78,62,1,1,1
387,3,464,228,46,48,1,1,1
388,1,361,506,62,50,1,1,1
388,2,371,409,78,62,1,1,1
388,3,464,228,46,48,1,1,1
389,1,360,507,62,50,1,1,1
389,2,370,409,78,62,1,1,1
389,3,463,229,46,48,1,1,1
390,1,360,507,62,50,1,1,1
390,2,371,409,78,62,1,1,1
390,3,463,228,46,48,1,1,1
391,1,358,510,68,44,1,1,1
391,2,372,409,78,62,1,1,1
391,3,462,229,46,48,1,1,1
392,1,360,509,66,44,1,1,1
392,2,371,409,78,62,1,1,1
392,3,462,229,46,48,1,1,1
393,1,360,510,66,44,1,1,1
393,2,371,408,78,62,1,1,1
393,3,461,229,46,48,1,1,1
394,1,358,510,66,44,1,1,1
394,2,371,408,78,62,1,1,1
394,3,461,229,46,48,1,1,1
395,1,358,508,66,44,1,1,1
395,2,372,409,78,62,1,1,1
395,3,460,229,46,48,1,1,1
396,1,363,506,64,50,1,1,1
396,2,371,408,78,62,1,1,1
396,3,460,229,46,48,1,1,1
397,1,362,506,64,50,1,1,1
397,2,372,408,78,62,1,1,1
397,3,460,229,46,48,1,1,1
398,1,359,505,64,50,1,1,1
398,2,372,409,78,62,1,1,1
398,3,459,229,46,48,1,1,1
399,1,359,502,68,54,1,1,1
399,2,373,409,78,62,1,1,1
399,3,459,229,46,48,1,1,1
400,1,357,503,76,54,1,1,1
400,2,374,408,78,62,1,1,1
400,3,458,229,46,48,1,1,1
401,1,357,503,76,54,1,1,1
401,2,374,409,78,62,1,1,1
401,3,457,229,46,48,1,1,1
402,1,355,502,76,54,1,1,1
402,2,373,409,78,62,1,1,1
402,3,457,229,46,48,1,1,1
403,1,356,502,76,54,1,1,1
403,2,374,408,78,62,1,1,1
403,3,457,229,46,48,1,1,1
404,1,358,501,74,54,1,1,1
404,2,375,409,78,62,1,1,1
404,3,456,229,46,48,1,1,1
405,1,365,503,64,52,1,1,1
405,2,373,409,78,62,1,1,1
405,3,457,229,46,48,1,1,1
406,1,362,504,64,52,1,1,1
406,2,374,408,78,62,1,1,1
406,3,456,229,46,48,1,1,1
407,1,362,502,64,52,1,1,1
407,2,376,409,78,62,1,1,1
407,3,455,229,46,48,1,1,1
408,1,363,501,68,54,1,1,1
408,2,375,408,78,62,1,1,1
408,3,455,229,46,48,1,1,1
409,1,364,504,66,50,1,1,1
409,2,374,408,78,62,1,1,1
409,3,455,229,46,48,1,1,1
410,1,363,504,66,50,1,1,1
410,2,376,409,78,62,1,1,1
410,3,454,230,46,48,1,1,1
411,1,363,504,66,50,1,1,1
411,2,376,409,78,62,1,1,1
411,3,454,229,46,48,1,1,1
412,1,365,504,66,50,1,1,1
412,2,377,408,78,62,1,1,1
412,3,453,229,46,48,1,1,1
413,1,366,503,66,50,1,1,1
413,2,377,408,78,62,1,1,1
413,3,453,229,46,48,1,1,1
414,1,366,503,66,50,1,1,1
414,2,376,409,78,62,1,1,1
414,3,452,229,46,48,1,1,1
415,1,365,503,66,50,1,1,1
415,2,376,408,78,62,1,1,1
415,3,452,230,46,48,1,1,1
416,1,366,502,66,50,1,1,1
416,2,379,408,78,62,1,1,1
416,3,451,229,46,48,1,1,1
417,1,358,499,82,56,1,1,1
417,2,379,408,78,62,1,1,1
417,3,451,229,46,48,1,1,1
418,1,370,500,60,56,1,1,1
418,2,378,407,78,62,1,1,1
418,3,452,229,46,48,1,1,1
419,1,369,500,60,56,1,1,1
419,2,378,408,78,62,1,1,1
419,3,451,229,46,48,1,1,1
420,1,370,499,60,56,1,1,1
420,2,378,408,78,62,1,1,1
420,3,450,229,46,48,1,1,1
421,1,363,500,76,54,1,1,1
421,2,380,408,78,62,1,1,1
421,3,449,229,46,48,1,1,1
422,1,363,500,76,54,1,1,1
422,2,379,408,78,62,1,1,1
422,3,449,229,46,48,1,1,1
423,1,364,499,76,54,1,1,1
423,2,378,408,78,62,1,1,1
423,3,449,229,46,48,1,1,1
424,1,362,499,76,54,1,1,1
424,2,379,407,78,62,1,1,1
424,3,448,229,46,48,1,1,1
425,1,363,499,78,54,1,1,1
425,2,381,407,78,62,1,1,1
425,3,447,228,46,48,1,1,1
426,1,365,499,78,54,1,1,1
426,2,380,408,78,62,1,1,1
426,3,447,229,46,48,1,1,1
427,1,364,499,78,54,1,1,1
427,2,380,407,78,62,1,1,1
427,3,447,229,46,48,1,1,1
428,1,363,499,78,54,1,1,1
428,2,380,407,78,62,1,1,1
428,3,446,229,46,48,1,1,1
429,1,363,498,78,54,1,1,1
429,2,382,407,78,62,1,1,1
429,3,445,229,46,48,1,1,1
430,1,367,498,78,54,1,1,1
430,2,382,407,78,62,1,1,1
430,3,445,229,46,48,1,1,1
431,1,366,499,78,54,1,1,1
431,2,380,408,78,62,1,1,1
431,3,445,229,46,48,1,1,1
432,1,365,499,78,54,1,1,1
432,2,381,407,78,62,1,1,1
432,3,444,229,46,48,1,1,1
433,1,367,498,78,54,1,1,1
433,2,382,407,78,62,1,1,1
433,3,444,228,46,48,1,1,1
434,1,374,500,66,52,1,1,1
434,2,382,407,78,62,1,1,1
434,3,444,228,46,48,1,1,1
435,1,374,500,66,52,1,1,1
435,2,382,408,78,62,1,1,1
435,3,444,228,46,48,1,1,1
436,1,373,500,66,52,1,1,1
436,2,383,406,78,62,1,1,1
436,3,444,228,46,48,1,1,1
437,1,374,499,66,52,1,1,1
437,2,384,407,78,62,1,1,1
437,3,443,228,46,48,1,1,1
438,1,375,499,66,52,1,1,1
438,2,384,407,78,62,1,1,1
438,3,442,227,46,48,1,1,1
439,1,375,499,66,52,1,1,1
439,2,383,406,78,62,1,1,1
439,3,443,228,46,48,1,1,1
440,1,375,499,66,52,1,1,1
440,2,383,407,78,62,1,1,1
440,3,442,227,46,48,1,1,1
441,1,375,498,66,52,1,1,1
441,2,385,407,78,62,1,1,1
441,3,441,227,46,48,1,1,1
442,1,377,498,66,52,1,1,1
442,2,384,407,78,62,1,1,1
442,3,442,227,46,48,1,1,1
443,1,378,499,66,52,1,1,1
443,2,383,407,78,62,1,1,1
443,3,441,227,46,48,1,1,1
444,1,377,498,66,52,1,1,1
444,2,386,406,78,62,1,1,1
444,3,439,228,46,48,1,1,1
445,1,377,498,66,52,1,1,1
445,2,385,406,78,62,1,1,1
445,3,439,227,46,48,1,1,1
446,1,374,497,74,54,1,1,1
446,2,386,407,78,62,1,1,1
446,3,439,227,46,48,1,1,1
447,1,374,498,74,54,1,1,1
447,2,386,407,78,62,1,1,1
447,3,438,227,46,48,1,1,1
448,1,375,497,74,54,1,1,1
448,2,386,407,78,62,1,1,1
448,3,438,227,46,48,1,1,1
449,1,376,497,74,54,1,1,1
449,2,386,406,78,62,1,1,1
449,3,438,227,46,48,1,1,1
450,1,376,497,74,54,1,1,1
450,2,386,407,78,62,1,1,1
450,3,437,228,46,48,1,1,1
451,1,376,497,74,54,1,1,1
451,2,388,408,78,62,1,1,1
451,3,436,227,46,48,1,1,1
452,1,377,497,74,54,1,1,1
452,2,386,407,78,62,1,1,1
452,3,437,228,46,48,1,1,1
453,1,378,498,74,54,1,1,1
453,2,386,407,78,62,1,1,1
453,3,436,228,46,48,1,1,1
454,1,377,498,74,54,1,1,1
454,2,387,407,78,62,1,1,1
454,3,435,228,46,48,1,1,1
455,1,378,497,74,54,1,1,1
455,2,388,407,78,62,1,1,1
455,3,435,228,46,48,1,1,1
456,1,378,497,74,54,1,1,1
456,2,387,407,78,62,1,1,1
456,3,435,228,46,48,1,1,1
457,1,380,497,74,54,1,1,1
457,2,388,407,78,62,1,1,1
457,3,435,228,46,48,1,1,1
458,1,378,498,74,54,1,1,1
458,2,403,418,48,38,1,1,1
458,3,434,228,46,48,1,1,1
459,1,378,497,74,54,1,1,1
459,2,403,420,48,38,1,1,1
459,3,433,228,46,48,1,1,1
460,1,380,497,74,54,1,1,1
460,2,403,419,48,38,1,1,1
460,3,434,228,46,48,1,1,1
461,1,382,497,74,54,1,1,1
461,2,404,421,46,34,1,1,1
461,3,434,228,46,48,1,1,1
462,1,380,497,74,54,1,1,1
462,2,404,421,46,34,1,1,1
462,3,432,228,46,48,1,1,1
463,1,380,496,74,54,1,1,1
463,2,407,421,46,34,1,1,1
463,3,432,227,46,48,1,1,1
464,1,380,496,74,54,1,1,1
464,2,405,421,46,34,1,1,1
464,3,432,227,46,48,1,1,1
465,1,382,496,74,54,1,1,1
465,2,407,419,44,36,1,1,1
465,3,432,227,46,48,1,1,1
466,1,381,495,74,54,1,1,1
466,2,407,419,46,36,1,1,1
466,3,431,226,46,48,1,1,1
467,1,382,495,74,54,1,1,1
467,2,406,419,46,36,1,1,1
467,3,430,226,46,48,1,1,1
468,1,382,495,74,54,1,1,1
468,2,405,419,46,36,1,1,1
468,3,429,227,46,48,1,1,1
469,1,383,495,74,54,1,1,1
469,2,406,420,46,36,1,1,1
469,3,429,227,46,48,1,1,1
470,1,384,495,74,54,1,1,1
470,2,407,419,46,36,1,1,1
470,3,429,226,46,48,1,1,1
471,1,383,495,74,54,1,1,1
471,2,408,421,44,34,1,1,1
471,3,428,227,46,48,1,1,1
472,1,383,495,74,54,1,1,1
472,2,408,421,44,34,1,1,1
472,3,428,226,46,48,1,1,1
473,1,385,494,74,54,1,1,1
473,2,408,420,44,34,1,1,1
473,3,429,226,46,48,1,1,1
474,1,386,494,74,54,1,1,1
474,2,408,419,44,34,1,1,1
474,3,428,226,46,48,1,1,1
475,1,384,494,74,54,1,1,1
475,2,409,419,46,36,1,1,1
475,3,427,226,46,48,1,1,1
476,1,386,494,74,54,1,1,1
476,2,410,419,42,36,1,1,1
476,3,427,226,46,48,1,1,1
477,1,388,494,74,54,1,1,1
477,2,411,419,42,36,1,1,1
477,3,427,226,46,48,1,1,1
478,1,386,494,74,54,1,1,1
478,2,408,419,48,36,1,1,1
478,3,426,226,46,48,1,1,1
479,1,386,494,74,54,1,1,1
479,2,408,419,48,36,1,1,1
479,3,426,226,46,48,1,1,1
480,1,387,495,74,54,1,1,1
480,2,409,419,48,36,1,1,1
480,3,425,226,46,48,1,1,1
481,1,390,494,74,54,1,1,1
481,2,410,419,48,36,1,1,1
481,3,426,226,46,48,1,1,1
482,1,388,494,74,54,1,1,1
482,2,409,419,48,36,1,1,1
482,3,425,226,46,48,1,1,1
483,1,387,495,74,54,1,1,1
483,2,410,419,48,36,1,1,1
483,3,423,226,46,48,1,1,1
484,1,389,495,74,54,1,1,1
484,2,411,419,48,36,1,1,1
484,3,425,227,46,48,1,1,1
485,1,392,494,74,54,1,1,1
485,2,409,419,48,36,1,1,1
485,3,424,227,46,48,1,1,1
486,1,391,494,74,54,1,1,1
486,2,411,419,48,36,1,1,1
486,3,424,226,46,48,1,1,1
487,1,390,493,74,54,1,1,1
487,2,416,422,38,32,1,1,1
487,3,423,226,46,48,1,1,1
488,1,392,494,74,54,1,1,1
488,2,416,421,38,32,1,1,1
488,3,422,227,46,48,1,1,1
489,1,393,493,74,54,1,1,1
489,2,416,421,38,32,1,1,1
489,3,422,226,46,48,1,1,1
490,1,392,494,74,54,1,1,1
490,2,415,420,42,34,1,1,1
490,3,422,226,46,48,1,1,1
491,1,391,493,74,54,1,1,1
491,2,415,419,42,34,1,1,1
491,3,420,226,46,48,1,1,1
492,1,393,492,74,54,1,1,1
492,2,416,419,42,34,1,1,1
492,3,421,226,46,48,1,1,1
493,1,395,492,74,54,1,1,1
493,2,415,418,44,36,1,1,1
493,3,421,226,46,48,1,1,1
494,1,396,492,74,54,1,1,1
494,2,414,417,46,38,1,1,1
494,3,420,226,46,48,1,1,1
495,1,393,493,74,54,1,1,1
495,2,414,417,46,38,1,1,1
495,3,419,225,46,48,1,1,1
496,1,395,492,74,54,1,1,1
496,2,415,418,46,38,1,1,1
496,3,419,226,46,48,1,1,1
497,1,398,492,74,54,1,1,1
497,2,415,417,46,38,1,1,1
497,3,418,225,46,48,1,1,1
498,1,399,492,74,54,1,1,1
498,2,415,417,46,38,1,1,1
498,3,418,225,46,48,1,1,1
499,1,397,492,74,54,1,1,1
499,2,418,418,42,36,1,1,1
499,3,418,225,46,48,1,1,1
500,1,397,492,74,54,1,1,1
500,2,418,418,42,36,1,1,1
500,3,417,225,46,48,1,1,1
501,1,400,491,74,54,1,1,1
501,2,418,417,42,36,1,1,1
501,3,417,226,46,48,1,1,1
502,1,400,491,74,54,1,1,1
502,2,418,416,44,40,1,1,1
502,3,417,226,46,48,1,1,1
503,1,401,491,74,54,1,1,1
503,2,416,416,46,40,1,1,1
503,3,416,225,46,48,1,1,1
504,1,401,491,74,54,1,1,1
504,2,417,416,44,40,1,1,1
504,3,416,225,46,48,1,1,1
505,1,401,491,74,54,1,1,1
505,2,418,416,44,40,1,1,1
505,3,415,225,46,48,1,1,1
506,1,400,491,74,54,1,1,1
506,2,420,418,40,36,1,1,1
506,3,415,226,46,48,1,1,1
507,1,401,491,74,54,1,1,1
507,2,420,418,40,36,1,1,1
507,3,414,226,46,48,1,1,1
508,1,402,490,74,54,1,1,1
508,2,421,418,40,36,1,1,1
508,3,414,226,46,48,1,1,1
509,1,404,491,74,54,1,1,1
509,2,420,415,44,40,1,1,1
509,3,414,225,46,48,1,1,1
510,1,406,491,74,54,1,1,1
510,2,420,415,44,40,1,1,1
510,3,414,226,46,48,1,1,1
511,1,406,491,74,54,1,1,1
511,2,419,418,46,36,1,1,1
511,3,413,225,46,48,1,1,1
512,1,404,491,74,54,1,1,1
512,2,420,418,42,36,1,1,1
512,3,412,225,46,48,1,1,1
513,1,404,492,74,54,1,1,1
513,2,421,417,42,36,1,1,1
513,3,412,224,46,48,1,1,1
514,1,404,492,74,54,1,1,1
514,2,421,417,42,36,1,1,1
514,3,411,224,46,48,1,1,1
515,1,405,491,74,54,1,1,1
515,2,423,417,42,36,1,1,1
515,3,411,224,46,48,1,1,1
516,1,407,491,74,54,1,1,1
516,2,424,417,42,36,1,1,1
516,3,411,225,46,48,1,1,1
517,1,409,491,74,54,1,1,1
517,2,425,416,42,36,1,1,1
517,3,410,224,46,48,1,1,1
518,1,410,492,74,54,1,1,1
518,2,423,416,42,36,1,1,1
518,3,410,224,46,48,1,1,1
519,1,410,492,74,54,1,1,1
519,2,424,417,42,36,1,1,1
519,3,409,224,46,48,1,1,1
520,1,407,492,74,54,1,1,1
520,2,424,417,42,36,1,1,1
520,3,409,224,46,48,1,1,1
521,1,410,492,74,54,1,1,1
521,2,425,417,42,36,1,1,1
521,3,409,224,46,48,1,1,1
522,1,412,492,74,54,1,1,1
522,2,426,416,42,36,1,1,1
522,3,408,224,46,48,1,1,1
523,1,412,491,74,54,1,1,1
523,2,427,416,42,36,1,1,1
523,3,409,224,46,48,1,1,1
524,1,413,492,74,54,1,1,1
524,2,426,417,42,36,1,1,1
524,3,409,224,46,48,1,1,1
525,1,413,492,74,54,1,1,1
525,2,426,417,42,36,1,1,1
525,3,407,223,46,48,1,1,1
526,1,413,493,74,54,1,1,1
526,2,426,416,42,36,1,1,1
526,3,406,223,46,48,1,1,1
527,1,412,492,74,54,1,1,1
527,2,427,417,42,36,1,1,1
527,3,406,223,46,48,1,1,1
528,1,413,492,74,54,1,1,1
528,2,427,417,42,36,1,1,1
528,3,405,223,46,48,1,1,1
529,1,415,492,74,54,1,1,1
529,2,428,416,42,36,1,1,1
529,3,406,223,46,48,1,1,1
530,1,417,496,72,48,1,1,1
530,2,428,416,42,36,1,1,1
530,3,405,224,46,48,1,1,1
531,1,418,496,72,48,1,1,1
531,2,427,417,42,36,1,1,1
531,3,405,223,46,48,1,1,1
532,1,418,496,72,48,1,1,1
532,2,428,417,42,36,1,1,1
532,3,404,223,46,48,1,1,1
533,1,417,495,72,48,1,1,1
533,2,428,416,42,36,1,1,1
533,3,403,223,46,48,1,1,1
534,1,418,496,72,48,1,1,1
534,2,429,416,42,36,1,1,1
534,3,403,223,46,48,1,1,1
535,1,420,495,72,48,1,1,1
535,2,431,416,42,36,1,1,1
535,3,403,223,46,48,1,1,1
536,1,420,495,72,48,1,1,1
536,2,431,416,42,36,1,1,1
536,3,403,223,46,48,1,1,1
537,1,420,497,72,48,1,1,1
537,2,430,416,42,36,1,1,1
537,3,402,223,46,48,1,1,1
538,1,421,497,72,48,1,1,1
538,2,430,416,42,36,1,1,1
538,3,402,223,46,48,1,1,1
539,1,428,496,60,50,1,1,1
539,2,429,417,42,36,1,1,1
539,3,401,223,46,48,1,1,1
540,1,426,495,62,50,1,1,1
540,2,431,416,42,36,1,1,1
540,3,401,223,46,48,1,1,1
541,1,426,494,62,50,1,1,1
541,2,431,416,42,36,1,1,1
541,3,400,223,46,48,1,1,1
542,1,426,494,62,50,1,1,1
542,2,431,416,42,36,1,1,1
542,3,400,224,46,48,1,1,1
543,1,427,493,62,50,1,1,1
543,2,431,416,42,36,1,1,1
543,3,400,223,46,48,1,1,1
544,1,429,494,62,50,1,1,1
544,2,433,416,42,36,1,1,1
544,3,400,223,46,48,1,1,1
545,1,429,493,62,50,1,1,1
545,2,432,416,42,36,1,1,1
545,3,398,223,46,48,1,1,1
546,1,433,490,54,56,1,1,1
546,2,431,416,42,36,1,1,1
546,3,398,223,46,48,1,1,1
547,1,430,489,60,56,1,1,1
547,2,431,416,42,36,1,1,1
547,3,398,223,46,48,1,1,1
548,1,430,489,60,56,1,1,1
548,2,433,416,42,36,1,1,1
548,3,398,223,46,48,1,1,1
549,1,432,489,60,56,1,1,1
549,2,434,415,42,36,1,1,1
549,3,396,223,46,48,1,1,1
550,1,428,486,70,60,1,1,1
550,2,433,415,42,36,1,1,1
550,3,396,223,46,48,1,1,1
551,1,427,487,70,60,1,1,1
551,2,434,416,42,36,1,1,1
551,3,396,223,46,48,1,1,1
552,1,427,487,70,60,1,1,1
552,2,433,415,42,36,1,1,1
552,3,395,223,46,48,1,1,1
553,1,428,487,70,60,1,1,1
553,2,434,415,42,36,1,1,1
553,3,395,223,46,48,1,1,1
554,1,426,489,74,56,1,1,1
554,2,435,415,42,36,1,1,1
554,3,395,223,46,48,1,1,1
555,1,427,489,74,56,1,1,1
555,2,438,415,42,36,1,1,1
555,3,394,223,46,48,1,1,1
556,1,427,488,74,56,1,1,1
556,2,436,415,42,36,1,1,1
556,3,393,223,46,48,1,1,1
557,1,428,488,74,56,1,1,1
557,2,435,415,42,36,1,1,1
557,3,393,223,46,48,1,1,1
558,1,428,489,74,56,1,1,1
558,2,434,415,42,36,1,1,1
558,3,392,223,46,48,1,1,1
559,1,429,489,74,56,1,1,1
559,2,436,415,42,36,1,1,1
559,3,392,223,46,48,1,1,1
560,1,430,488,74,56,1,1,1
560,2,437,414,42,36,1,1,1
560,3,391,223,46,48,1,1,1
561,1,430,487,74,56,1,1,1
561,2,437,414,42,36,1,1,1
561,3,391,223,46,48,1,1,1
562,1,433,481,70,68,1,1,1
562,2,439,415,42,36,1,1,1
562,3,390,223,46,48,1,1,1
563,1,433,482,70,68,1,1,1
563,2,438,415,42,36,1,1,1
563,3,390,222,46,48,1,1,1
564,1,439,483,60,64,1,1,1
564,2,437,414,42,36,1,1,1
564,3,389,222,46,48,1,1,1
565,1,439,483,60,64,1,1,1
565,2,438,414,42,36,1,1,1
565,3,390,222,46,48,1,1,1
566,1,433,486,74,58,1,1,1
566,2,439,414,44,36,1,1,1
566,3,367,212,90,68,1,1,1
567,1,437,484,66,62,1,1,1
567,2,439,414,44,36,1,1,1
567,3,366,212,90,68,1,1,1
568,1,438,484,66,62,1,1,1
568,2,437,415,44,36,1,1,1
568,3,366,212,90,68,1,1,1
569,1,438,484,66,62,1,1,1
569,2,438,414,44,36,1,1,1
569,3,365,211,90,68,1,1,1
570,1,438,485,66,62,1,1,1
570,2,438,414,44,36,1,1,1
570,3,365,212,90,68,1,1,1
571,1,439,485,66,62,1,1,1
571,2,438,415,44,36,1,1,1
571,3,365,212,90,68,1,1,1
572,1,439,484,66,62,1,1,1
572,2,443,414,38,38,1,1,1
572,3,365,212,90,68,1,1,1
573,1,440,485,66,62,1,1,1
573,2,439,415,44,36,1,1,1
573,3,364,212,90,68,1,1,1
574,1,441,485,66,62,1,1,1
574,2,439,414,44,36,1,1,1
574,3,365,212,90,68,1,1,1
575,1,441,485,66,62,1,1,1
575,2,441,415,44,36,1,1,1
575,3,363,212,90,68,1,1,1
576,1,441,485,66,62,1,1,1
576,2,442,415,44,36,1,1,1
576,3,362,212,90,68,1,1,1
577,1,447,486,56,62,1,1,1
577,2,439,415,44,36,1,1,1
577,3,363,212,90,68,1,1,1
578,1,447,485,56,62,1,1,1
578,2,441,414,44,36,1,1,1
578,3,362,212,90,68,1,1,1
579,1,447,485,56,62,1,1,1
579,2,440,413,46,38,1,1,1
579,3,362,212,90,68,1,1,1
580,1,447,485,56,62,1,1,1
580,2,440,414,46,38,1,1,1
580,3,361,212,90,68,1,1,1
581,1,448,486,56,62,1,1,1
581,2,440,414,46,38,1,1,1
581,3,360,212,90,68,1,1,1
582,1,449,484,56,62,1,1,1
582,2,440,414,46,38,1,1,1
582,3,360,211,90,68,1,1,1
583,1,450,485,56,62,1,1,1
583,2,440,413,46,38,1,1,1
583,3,366,211,78,70,1,1,1
584,1,449,485,56,62,1,1,1
584,2,441,413,46,38,1,1,1
584,3,365,211,78,70,1,1,1
585,1,450,485,56,62,1,1,1
585,2,443,413,46,38,1,1,1
585,3,365,211,78,70,1,1,1
586,1,450,486,56,62,1,1,1
586,2,442,414,46,38,1,1,1
586,3,364,210,78,70,1,1,1
587,1,450,488,60,60,1,1,1
587,2,441,413,46,38,1,1,1
587,3,365,211,78,70,1,1,1
588,1,450,487,60,60,1,1,1
588,2,444,413,46,38,1,1,1
588,3,364,211,78,70,1,1,1
589,1,449,488,60,60,1,1,1
589,2,443,414,46,38,1,1,1
589,3,363,211,78,70,1,1,1
590,1,450,488,60,60,1,1,1
590,2,444,414,46,38,1,1,1
590,3,362,211,78,70,1,1,1
591,1,450,488,60,60,1,1,1
591,2,444,414,46,38,1,1,1
591,3,362,210,78,70,1,1,1
592,1,451,487,60,60,1,1,1
592,2,445,414,42,36,1,1,1
592,3,363,210,78,70,1,1,1
593,1,452,488,60,60,1,1,1
593,2,445,414,42,36,1,1,1
593,3,362,211,78,70,1,1,1
594,1,451,488,60,60,1,1,1
594,2,447,413,42,36,1,1,1
594,3,361,211,78,70,1,1,1
595,1,452,488,60,60,1,1,1
595,2,448,413,42,36,1,1,1
595,3,360,210,78,70,1,1,1
596,1,454,488,60,60,1,1,1
596,2,447,413,42,36,1,1,1
596,3,361,210,78,70,1,1,1
597,1,453,487,60,60,1,1,1
597,2,448,413,42,36,1,1,1
597,3,361,210,78,70,1,1,1
598,1,453,487,60,60,1,1,1
598,2,448,413,42,36,1,1,1
598,3,359,209,78,70,1,1,1
599,1,453,487,60,60,1,1,1
599,2,448,413,42,36,1,1,1
599,3,359,209,78,70,1,1,1
600,1,455,487,60,60,1,1,1
600,2,449,412,42,36,1,1,1
600,3,359,209,78,70,1,1,1
601,1,455,487,60,60,1,1,1
601,2,448,413,42,36,1,1,1
601,3,358,210,78,70,1,1,1
602,1,455,487,60,60,1,1,1
602,2,449,413,42,36,1,1,1
602,3,357,209,78,70,1,1,1
603,1,455,487,60,60,1,1,1
603,2,450,413,42,36,1,1,1
603,3,356,209,78,70,1,1,1
604,1,458,487,60,60,1,1,1
604,2,448,412,42,36,1,1,1
604,3,357,209,78,70,1,1,1
605,1,451,490,72,56,1,1,1
605,2,450,412,42,36,1,1,1
605,3,356,210,78,70,1,1,1
606,1,450,489,72,56,1,1,1
606,2,451,413,42,36,1,1,1
606,3,349,209,78,70,1,1,1
607,1,452,489,72,56,1,1,1
607,2,450,412,42,36,1,1,1
607,3,355,210,78,70,1,1,1
608,1,453,489,72,56,1,1,1
608,2,450,411,42,36,1,1,1
608,3,356,210,78,70,1,1,1
609,1,453,485,70,62,1,1,1
609,2,451,413,42,36,1,1,1
609,3,350,209,78,70,1,1,1
610,1,453,485,70,62,1,1,1
610,2,451,413,42,36,1,1,1
610,3,353,210,78,70,1,1,1
611,1,454,485,70,62,1,1,1
611,2,451,413,42,36,1,1,1
611,3,354,210,78,70,1,1,1
612,1,454,485,70,62,1,1,1
612,2,451,413,42,36,1,1,1
612,3,354,210,78,70,1,1,1
613,1,453,486,72,62,1,1,1
613,2,451,413,42,36,1,1,1
613,3,347,210,78,70,1,1,1
614,1,454,485,72,62,1,1,1
614,2,452,412,42,36,1,1,1
614,3,350,210,78,70,1,1,1
615,1,456,485,72,62,1,1,1
615,2,452,412,42,36,1,1,1
615,3,352,210,78,70,1,1,1
616,1,455,485,70,62,1,1,1
616,2,454,412,40,36,1,1,1
616,3,344,211,82,68,1,1,1
617,1,456,485,70,62,1,1,1
617,2,454,413,40,36,1,1,1
617,3,342,210,82,68,1,1,1
618,1,456,485,70,62,1,1,1
618,2,454,413,40,36,1,1,1
618,3,345,211,82,68,1,1,1
619,1,460,485,70,62,1,1,1
619,2,454,412,40,36,1,1,1
619,3,348,211,82,68,1,1,1
620,1,457,485,70,62,1,1,1
620,2,455,412,40,36,1,1,1
620,3,344,211,82,68,1,1,1
621,1,461,485,62,62,1,1,1
621,2,455,412,40,36,1,1,1
621,3,385,227,44,42,1,1,1
622,1,463,485,62,62,1,1,1
622,2,456,411,40,36,1,1,1
622,3,363,223,44,42,1,1,1
623,1,465,484,62,62,1,1,1
623,2,456,411,40,36,1,1,1
623,3,363,222,44,42,1,1,1
624,1,464,485,62,62,1,1,1
624,2,455,411,40,36,1,1,1
624,3,361,222,44,42,1,1,1
625,1,463,484,62,62,1,1,1
625,2,456,412,40,36,1,1,1
625,3,385,224,44,44,1,1,1
626,1,463,484,62,62,1,1,1
626,2,457,411,40,36,1,1,1
626,3,358,222,44,44,1,1,1
627,1,466,483,62,62,1,1,1
627,2,456,411,40,36,1,1,1
627,3,361,221,44,44,1,1,1
628,1,466,484,62,62,1,1,1
628,2,456,411,40,36,1,1,1
628,3,363,221,44,44,1,1,1
629,1,465,484,62,62,1,1,1
629,2,457,411,40,36,1,1,1
629,3,358,220,44,44,1,1,1
630,1,466,484,62,62,1,1,1
630,2,457,411,40,36,1,1,1
630,3,381,224,46,44,1,1,1
631,1,468,484,62,62,1,1,1
631,2,458,410,40,36,1,1,1
631,3,358,221,46,44,1,1,1
632,1,468,484,62,62,1,1,1
632,2,457,410,42,38,1,1,1
632,3,358,221,46,44,1,1,1
633,1,470,484,62,62,1,1,1
633,2,457,410,42,38,1,1,1
633,3,357,221,46,44,1,1,1
634,1,468,484,62,62,1,1,1
634,2,457,410,42,38,1,1,1
634,3,354,220,46,44,1,1,1
635,1,469,483,62,62,1,1,1
635,2,458,410,42,38,1,1,1
635,3,377,222,50,48,1,1,1
636,1,470,484,62,62,1,1,1
636,2,457,410,42,38,1,1,1
636,3,354,219,50,48,1,1,1
637,1,470,484,62,62,1,1,1
637,2,458,410,42,38,1,1,1
637,3,356,219,50,48,1,1,1
638,1,470,484,62,62,1,1,1
638,2,458,410,42,38,1,1,1
638,3,351,218,50,48,1,1,1
639,1,470,484,62,62,1,1,1
639,2,459,410,42,38,1,1,1
639,3,349,219,50,48,1,1,1
640,1,472,484,62,62,1,1,1
640,2,460,409,42,38,1,1,1
640,3,350,219,50,48,1,1,1
641,1,472,484,62,62,1,1,1
641,2,459,410,42,38,1,1,1
641,3,354,219,50,48,1,1,1
642,1,471,483,62,62,1,1,1
642,2,460,410,42,38,1,1,1
642,3,350,217,50,48,1,1,1
643,1,472,483,62,62,1,1,1
643,2,460,409,42,38,1,1,1
643,3,347,217,50,48,1,1,1
644,1,473,483,62,62,1,1,1
644,2,460,409,42,38,1,1,1
644,3,351,218,50,48,1,1,1
645,1,473,484,62,62,1,1,1
645,2,460,410,42,38,1,1,1
645,3,350,218,50,48,1,1,1
646,1,472,484,64,62,1,1,1
646,2,460,409,42,38,1,1,1
646,3,349,217,50,48,1,1,1
647,1,471,483,64,62,1,1,1
647,2,461,409,42,38,1,1,1
647,3,346,217,50,48,1,1,1
648,1,472,483,64,62,1,1,1
648,2,462,409,42,38,1,1,1
648,3,369,220,54,50,1,1,1
649,1,475,483,64,62,1,1,1
649,2,461,409,42,38,1,1,1
649,3,346,217,54,50,1,1,1
650,1,474,483,64,62,1,1,1
650,2,462,409,42,38,1,1,1
650,3,344,216,54,50,1,1,1
651,1,474,483,64,62,1,1,1
651,2,463,409,42,38,1,1,1
651,3,340,216,54,50,1,1,1
652,1,475,483,64,62,1,1,1
652,2,463,409,42,38,1,1,1
652,3,376,222,42,46,1,1,1
653,1,477,483,64,62,1,1,1
653,2,462,409,42,38,1,1,1
653,3,370,221,52,48,1,1,1
654,1,476,483,64,62,1,1,1
654,2,462,409,42,38,1,1,1
654,3,366,221,56,48,1,1,1
655,1,475,483,64,62,1,1,1
655,2,463,408,42,38,1,1,1
655,3,371,223,48,46,1,1,1
656,1,477,482,64,62,1,1,1
656,2,463,409,42,38,1,1,1
656,3,345,219,48,46,1,1,1
657,1,478,483,64,62,1,1,1
657,2,464,408,42,38,1,1,1
657,3,345,218,48,46,1,1,1
658,1,478,483,64,62,1,1,1
658,2,463,409,42,38,1,1,1
658,3,343,217,48,46,1,1,1
659,1,477,483,64,62,1,1,1
659,2,463,409,42,38,1,1,1
659,3,341,217,48,46,1,1,1
660,1,480,483,64,62,1,1,1
660,2,466,408,42,38,1,1,1
660,3,342,217,48,46,1,1,1
661,1,480,482,64,62,1,1,1
661,2,465,409,42,38,1,1,1
661,3,343,217,48,46,1,1,1
662,1,479,482,64,62,1,1,1
662,2,465,409,42,38,1,1,1
662,3,365,220,54,48,1,1,1
663,1,479,482,64,62,1,1,1
663,2,465,407,42,38,1,1,1
663,3,336,215,54,48,1,1,1
664,1,481,482,64,62,1,1,1
664,2,465,408,42,38,1,1,1
664,3,369,221,44,48,1,1,1
665,1,481,482,64,62,1,1,1
665,2,466,409,42,38,1,1,1
665,3,362,219,58,50,1,1,1
666,1,481,483,64,62,1,1,1
666,2,464,409,42,38,1,1,1
666,3,334,213,58,50,1,1,1
667,1,481,483,64,62,1,1,1
667,2,465,408,42,38,1,1,1
667,3,333,214,58,50,1,1,1
668,1,482,482,64,62,1,1,1
668,2,467,409,42,38,1,1,1
668,3,336,215,58,50,1,1,1
669,1,482,482,64,62,1,1,1
669,2,466,408,42,38,1,1,1
669,3,335,214,58,50,1,1,1
670,1,483,481,64,62,1,1,1
670,2,465,408,42,38,1,1,1
670,3,333,214,58,50,1,1,1
671,1,483,482,64,62,1,1,1
671,2,467,408,42,38,1,1,1
671,3,332,213,58,50,1,1,1
672,1,484,481,64,62,1,1,1
672,2,467,408,42,38,1,1,1
672,3,366,222,48,46,1,1,1
673,1,484,482,64,62,1,1,1
673,2,467,408,42,38,1,1,1
673,3,337,216,48,46,1,1,1
674,1,485,482,64,62,1,1,1
674,2,467,409,42,38,1,1,1
674,3,338,216,48,46,1,1,1
675,1,486,482,64,62,1,1,1
675,2,465,407,46,40,1,1,1
675,3,334,216,48,46,1,1,1
676,1,486,482,64,62,1,1,1
676,2,467,406,44,42,1,1,1
676,3,337,217,48,46,1,1,1
677,1,485,482,64,62,1,1,1
677,2,469,407,44,42,1,1,1
677,3,336,216,48,46,1,1,1
678,1,486,483,64,62,1,1,1
678,2,468,409,40,38,1,1,1
678,3,335,216,48,46,1,1,1
679,1,486,482,64,62,1,1,1
679,2,469,409,40,38,1,1,1
679,3,334,217,48,46,1,1,1
680,1,487,482,64,62,1,1,1
680,2,471,409,40,38,1,1,1
680,3,335,216,48,46,1,1,1
681,1,488,483,64,62,1,1,1
681,2,469,408,40,38,1,1,1
681,3,335,216,48,46,1,1,1
682,1,488,483,64,62,1,1,1
682,2,471,408,40,38,1,1,1
682,3,333,215,48,46,1,1,1
683,1,488,483,64,62,1,1,1
683,2,470,408,40,38,1,1,1
683,3,331,216,48,46,1,1,1
684,1,488,483,64,62,1,1,1
684,2,470,409,40,38,1,1,1
684,3,333,216,48,46,1,1,1
685,1,489,483,64,62,1,1,1
685,2,470,409,40,38,1,1,1
685,3,332,215,48,46,1,1,1
686,1,490,483,64,62,1,1,1
686,2,471,408,40,38,1,1,1
686,3,362,222,48,46,1,1,1
687,1,490,483,64,62,1,1,1
687,2,471,409,40,38,1,1,1
687,3,334,216,48,46,1,1,1
688,1,491,483,64,62,1,1,1
688,2,472,409,40,38,1,1,1
688,3,361,222,50,46,1,1,1
689,1,492,483,64,62,1,1,1
689,2,468,409,46,38,1,1,1
689,3,330,215,50,46,1,1,1
690,1,492,484,64,62,1,1,1
690,2,469,408,46,38,1,1,1
690,3,328,216,50,46,1,1,1
691,1,491,483,64,62,1,1,1
691,2,470,409,46,38,1,1,1
691,3,329,216,50,46,1,1,1
692,1,493,483,64,62,1,1,1
692,2,468,409,46,38,1,1,1
692,3,329,215,50,46,1,1,1
693,1,495,483,64,62,1,1,1
693,2,470,408,46,38,1,1,1
693,3,327,214,50,46,1,1,1
694,1,494,482,64,62,1,1,1
694,2,470,408,46,38,1,1,1
694,3,326,215,50,46,1,1,1
695,1,495,483,64,62,1,1,1
695,2,470,408,46,38,1,1,1
695,3,356,219,50,50,1,1,1
696,1,496,483,64,62,1,1,1
696,2,471,408,46,38,1,1,1
696,3,327,213,50,50,1,1,1
697,1,497,483,64,62,1,1,1
697,2,471,408,46,38,1,1,1
697,3,324,213,50,50,1,1,1
698,1,495,483,64,62,1,1,1
698,2,471,408,46,38,1,1,1
698,3,326,214,50,50,1,1,1
699,1,496,483,64,62,1,1,1
699,2,472,408,46,38,1,1,1
699,3,325,213,50,50,1,1,1
700,1,499,483,64,62,1,1,1
700,2,471,408,46,38,1,1,1
700,3,323,213,50,50,1,1,1
701,1,499,484,64,62,1,1,1
701,2,472,407,46,38,1,1,1
701,3,351,221,56,48,1,1,1
702,1,499,483,64,62,1,1,1
702,2,474,408,46,38,1,1,1
702,3,320,216,56,48,1,1,1
703,1,500,484,64,62,1,1,1
703,2,474,408,44,38,1,1,1
703,3,320,215,56,48,1,1,1
704,1,499,485,64,62,1,1,1
704,2,474,408,44,38,1,1,1
704,3,321,215,56,48,1,1,1
705,1,501,485,64,62,1,1,1
705,2,476,408,44,38,1,1,1
705,3,319,214,56,48,1,1,1
706,1,501,485,64,62,1,1,1
706,2,475,406,44,40,1,1,1
706,3,318,215,56,48,1,1,1
707,1,500,486,64,62,1,1,1
707,2,476,407,44,40,1,1,1
707,3,319,215,56,48,1,1,1
708,1,501,486,64,62,1,1,1
708,2,480,409,38,38,1,1,1
708,3,347,219,58,50,1,1,1
709,1,503,486,64,62,1,1,1
709,2,479,408,38,38,1,1,1
709,3,315,213,58,50,1,1,1
710,1,503,487,64,62,1,1,1
710,2,480,408,38,38,1,1,1
710,3,348,218,56,52,1,1,1
711,1,501,487,64,62,1,1,1
711,2,481,408,38,38,1,1,1
711,3,317,213,56,52,1,1,1
712,1,503,487,64,62,1,1,1
712,2,480,408,38,38,1,1,1
712,3,317,214,56,52,1,1,1
713,1,505,487,64,62,1,1,1
713,2,481,407,38,38,1,1,1
713,3,345,221,58,48,1,1,1
714,1,505,487,64,62,1,1,1
714,2,482,407,38,38,1,1,1
714,3,312,216,58,48,1,1,1
715,1,504,487,64,62,1,1,1
715,2,480,408,38,38,1,1,1
715,3,314,216,58,48,1,1,1
716,1,505,487,64,62,1,1,1
716,2,482,407,38,38,1,1,1
716,3,314,215,58,48,1,1,1
717,1,506,487,64,62,1,1,1
717,2,482,408,38,38,1,1,1
717,3,312,215,58,48,1,1,1
718,1,507,487,64,62,1,1,1
718,2,481,407,38,38,1,1,1
718,3,345,218,56,52,1,1,1
719,1,504,488,64,62,1,1,1
719,2,482,408,38,38,1,1,1
719,3,314,213,56,52,1,1,1
720,1,506,488,64,62,1,1,1
720,2,483,408,38,38,1,1,1
720,3,313,214,56,52,1,1,1
721,1,509,488,64,62,1,1,1
721,2,482,408,38,38,1,1,1
721,3,311,213,56,52,1,1,1
722,1,508,488,64,62,1,1,1
722,2,482,408,38,38,1,1,1
722,3,310,215,56,52,1,1,1
723,1,506,488,64,62,1,1,1
723,2,482,409,38,38,1,1,1
723,3,311,213,56,52,1,1,1
724,1,504,487,76,64,1,1,1
724,2,483,408,38,38,1,1,1
724,3,310,213,56,52,1,1,1
725,1,504,488,76,64,1,1,1
725,2,484,409,38,38,1,1,1
725,3,309,213,56,52,1,1,1
726,1,504,488,76,64,1,1,1
726,2,484,409,38,38,1,1,1
726,3,311,216,56,52,1,1,1
727,1,503,489,76,64,1,1,1
727,2,481,407,44,40,1,1,1
727,3,345,217,50,52,1,1,1
728,1,504,488,76,64,1,1,1
728,2,482,408,44,40,1,1,1
728,3,313,214,50,52,1,1,1
729,1,505,488,76,64,1,1,1
729,2,482,407,44,40,1,1,1
729,3,311,214,50,52,1,1,1
730,1,507,488,76,64,1,1,1
730,2,482,407,44,40,1,1,1
730,3,344,219,52,50,1,1,1
731,1,504,487,76,64,1,1,1
731,2,482,408,44,40,1,1,1
731,3,309,215,52,50,1,1,1
732,1,507,489,76,64,1,1,1
732,2,483,408,44,40,1,1,1
732,3,309,216,52,50,1,1,1
733,1,509,489,76,64,1,1,1
733,2,482,407,44,40,1,1,1
733,3,307,215,52,50,1,1,1
734,1,508,489,76,64,1,1,1
734,2,483,408,44,40,1,1,1
734,3,307,216,52,50,1,1,1
735,1,505,488,76,64,1,1,1
735,2,482,408,44,40,1,1,1
735,3,344,218,46,50,1,1,1
736,1,508,490,76,64,1,1,1
736,2,485,408,44,40,1,1,1
736,3,310,216,46,50,1,1,1
737,1,508,489,76,64,1,1,1
737,2,481,408,50,40,1,1,1
737,3,338,219,58,50,1,1,1
738,1,509,490,76,64,1,1,1
738,2,483,408,46,40,1,1,1
738,3,342,220,52,48,1,1,1
739,1,506,489,76,64,1,1,1
739,2,483,409,46,40,1,1,1
739,3,305,217,52,48,1,1,1
740,1,507,489,76,64,1,1,1
740,2,484,409,46,40,1,1,1
740,3,305,217,52,48,1,1,1
741,1,510,488,76,64,1,1,1
741,2,484,408,46,40,1,1,1
741,3,304,217,52,48,1,1,1
742,1,510,489,76,64,1,1,1
742,2,483,408,48,40,1,1,1
742,3,304,218,52,48,1,1,1
743,1,509,488,76,64,1,1,1
743,2,483,408,48,40,1,1,1
743,3,306,217,52,48,1,1,1
744,1,510,489,76,64,1,1,1
744,2,484,408,48,40,1,1,1
744,3,340,217,46,52,1,1,1
745,1,504,490,90,62,1,1,1
745,2,483,408,48,40,1,1,1
745,3,335,218,58,50,1,1,1
746,1,505,490,90,62,1,1,1
746,2,484,408,48,40,1,1,1
746,3,301,216,58,50,1,1,1
747,1,504,491,90,62,1,1,1
747,2,484,408,48,40,1,1,1
747,3,298,217,58,50,1,1,1
748,1,504,489,90,62,1,1,1
748,2,485,408,48,40,1,1,1
748,3,298,216,58,50,1,1,1
749,1,505,488,90,62,1,1,1
749,2,485,409,48,40,1,1,1
749,3,338,219,52,50,1,1,1
750,1,506,489,90,62,1,1,1
750,2,483,410,50,38,1,1,1
750,3,302,216,52,50,1,1,1
751,1,505,489,90,62,1,1,1
751,2,483,410,50,38,1,1,1
751,3,302,217,52,50,1,1,1
752,1,505,489,90,62,1,1,1
752,2,485,410,50,38,1,1,1
752,3,299,216,52,50,1,1,1
753,1,507,489,90,62,1,1,1
753,2,485,410,50,38,1,1,1
753,3,276,204,96,74,1,1,1
753,4,337,219,48,50,1,1,1
754,1,508,489,90,62,1,1,1
754,2,485,410,50,38,1,1,1
754,3,332,219,58,50,1,1,1
754,4,337,219,48,50,1,1,1
755,1,508,489,90,62,1,1,1
755,2,484,411,50,38,1,1,1
755,3,296,217,58,50,1,1,1
755,4,335,219,48,50,1,1,1
756,1,507,489,90,62,1,1,1
756,2,489,412,42,36,1,1,1
756,3,295,217,58,50,1,1,1
756,4,334,220,50,50,1,1,1
757,1,508,489,90,62,1,1,1
757,2,490,412,42,36,1,1,1
757,3,276,205,92,74,1,1,1
757,4,336,220,50,50,1,1,1
758,1,508,490,90,62,1,1,1
758,2,490,412,42,36,1,1,1
758,3,277,205,92,74,1,1,1
758,4,333,219,50,50,1,1,1
759,1,508,490,90,62,1,1,1
759,2,489,411,42,36,1,1,1
759,3,277,205,92,74,1,1,1
759,4,327,218,60,52,1,1,1
760,1,509,490,90,62,1,1,1
760,2,490,411,42,36,1,1,1
760,3,275,205,92,74,1,1,1
760,4,330,219,60,52,1,1,1
761,1,509,489,90,62,1,1,1
761,2,492,411,42,36,1,1,1
761,3,274,204,92,74,1,1,1
761,4,329,219,60,52,1,1,1
762,1,510,490,90,62,1,1,1
762,2,491,412,42,36,1,1,1
762,3,326,219,60,50,1,1,1
762,4,326,218,60,52,1,1,1
763,1,509,490,90,62,1,1,1
763,2,490,411,42,36,1,1,1
763,3,291,217,60,50,1,1,1
763,4,327,217,60,52,1,1,1
764,1,510,490,90,62,1,1,1
764,2,492,411,42,36,1,1,1
764,3,289,217,60,50,1,1,1
764,4,328,218,60,52,1,1,1
765,1,510,490,92,62,1,1,1
765,2,493,411,42,36,1,1,1
765,3,331,219,54,50,1,1,1
765,4,328,218,60,52,1,1,1
766,1,511,490,92,62,1,1,1
766,2,492,412,42,36,1,1,1
766,3,326,221,60,48,1,1,1
766,4,326,219,60,52,1,1,1
767,1,510,491,92,62,1,1,1
767,2,492,413,42,36,1,1,1
767,3,290,218,60,48,1,1,1
767,4,326,218,60,52,1,1,1
768,1,510,491,92,62,1,1,1
768,2,492,412,42,36,1,1,1
768,3,330,221,54,48,1,1,1
768,4,327,219,60,52,1,1,1
769,1,511,491,92,62,1,1,1
769,2,492,412,42,36,1,1,1
769,3,327,221,60,48,1,1,1
769,4,327,219,60,52,1,1,1
770,1,512,491,92,62,1,1,1
770,2,493,412,42,36,1,1,1
770,3,288,218,60,48,1,1,1
770,4,324,219,60,52,1,1,1
771,1,512,492,92,62,1,1,1
771,2,491,412,42,36,1,1,1
771,3,288,218,60,48,1,1,1
771,4,324,218,60,52,1,1,1
772,1,512,492,92,62,1,1,1
772,2,493,412,42,36,1,1,1
772,3,285,218,60,48,1,1,1
772,4,326,219,60,52,1,1,1
773,1,512,491,92,62,1,1,1
773,2,494,412,42,36,1,1,1
773,3,285,218,60,48,1,1,1
773,4,331,221,46,48,1,1,1
774,1,513,491,92,62,1,1,1
774,2,495,412,42,36,1,1,1
774,3,329,219,52,50,1,1,1
774,4,332,220,46,48,1,1,1
775,1,513,490,92,62,1,1,1
775,2,493,412,42,36,1,1,1
775,3,289,217,52,50,1,1,1
775,4,332,221,46,48,1,1,1
776,1,513,491,92,62,1,1,1
776,2,493,413,42,36,1,1,1
776,3,289,218,52,50,1,1,1
776,4,332,221,46,48,1,1,1
777,1,514,491,92,62,1,1,1
777,2,494,412,42,36,1,1,1
777,3,327,219,54,50,1,1,1
777,4,331,220,46,48,1,1,1
778,1,514,491,92,62,1,1,1
778,2,495,412,42,36,1,1,1
778,3,288,218,54,50,1,1,1
778,4,331,221,46,48,1,1,1
779,1,514,491,92,62,1,1,1
779,2,495,413,42,36,1,1,1
779,3,290,218,54,50,1,1,1
779,4,331,220,46,48,1,1,1
780,1,514,492,92,62,1,1,1
780,2,495,412,42,36,1,1,1
780,3,287,217,54,50,1,1,1
780,4,329,220,46,48,1,1,1
781,1,515,491,92,62,1,1,1
781,2,495,412,42,36,1,1,1
781,3,286,218,54,50,1,1,1
781,4,330,221,46,48,1,1,1
782,1,517,491,92,62,1,1,1
782,2,492,411,50,38,1,1,1
782,3,327,219,52,50,1,1,1
782,4,330,220,46,48,1,1,1
783,1,517,491,92,62,1,1,1
783,2,493,411,50,38,1,1,1
783,3,287,218,52,50,1,1,1
783,4,329,220,46,48,1,1,1
784,1,516,492,92,62,1,1,1
784,2,490,412,50,38,1,1,1
784,3,284,218,52,50,1,1,1
784,4,328,220,46,48,1,1,1
785,1,516,492,92,62,1,1,1
785,2,493,412,50,38,1,1,1
785,3,284,218,52,50,1,1,1
785,4,329,220,46,48,1,1,1
786,1,517,493,92,62,1,1,1
786,2,493,412,50,38,1,1,1
786,3,286,218,52,50,1,1,1
786,4,324,220,46,48,1,1,1
787,1,517,492,92,62,1,1,1
787,2,493,412,50,38,1,1,1
787,3,285,219,52,50,1,1,1
787,4,328,220,46,48,1,1,1
788,1,517,493,92,62,1,1,1
788,2,493,412,50,38,1,1,1
788,3,283,218,52,50,1,1,1
788,4,329,220,46,48,1,1,1
789,1,518,493,92,62,1,1,1
789,2,493,413,50,38,1,1,1
789,3,284,219,52,50,1,1,1
789,4,327,220,46,48,1,1,1
790,1,518,493,92,62,1,1,1
790,2,493,412,50,38,1,1,1
790,3,284,219,52,50,1,1,1
790,4,327,221,46,48,1,1,1
791,1,519,492,92,62,1,1,1
791,2,494,413,50,38,1,1,1
791,3,283,219,52,50,1,1,1
791,4,328,221,46,48,1,1,1
792,1,519,493,92,62,1,1,1
792,2,493,413,50,38,1,1,1
792,3,282,219,52,50,1,1,1
792,4,326,220,46,48,1,1,1
793,1,519,494,92,62,1,1,1
793,2,492,413,50,38,1,1,1
793,3,281,219,52,50,1,1,1
793,4,327,221,46,48,1,1,1
794,1,519,494,92,62,1,1,1
794,2,495,413,50,38,1,1,1
794,3,281,219,52,50,1,1,1
794,4,327,222,46,48,1,1,1
795,1,519,494,92,62,1,1,1
795,2,494,413,50,38,1,1,1
795,3,281,220,52,50,1,1,1
795,4,327,221,46,48,1,1,1
796,1,521,494,92,62,1,1,1
796,2,494,414,50,38,1,1,1
796,3,279,220,52,50,1,1,1
796,4,326,222,46,48,1,1,1
797,1,520,494,92,62,1,1,1
797,2,495,413,50,38,1,1,1
797,3,279,220,52,50,1,1,1
797,4,326,221,46,48,1,1,1
798,1,522,494,92,62,1,1,1
798,2,494,413,50,38,1,1,1
798,3,280,220,52,50,1,1,1
798,4,325,221,46,48,1,1,1
799,1,522,494,92,62,1,1,1
799,2,495,413,50,38,1,1,1
799,3,319,222,58,48,1,1,1
799,4,325,222,46,48,1,1,1
800,1,520,495,92,62,1,1,1
800,2,497,415,50,38,1,1,1
800,3,274,221,58,48,1,1,1
800,4,323,221,50,50,1,1,1
801,1,522,498,92,62,1,1,1
801,2,496,417,50,38,1,1,1
801,3,275,224,58,48,1,1,1
801,4,322,223,50,50,1,1,1
802,1,523,501,92,62,1,1,1
802,2,496,420,50,38,1,1,1
802,3,275,228,58,48,1,1,1
802,4,323,227,50,50,1,1,1
803,1,524,505,92,62,1,1,1
803,2,497,423,50,38,1,1,1
803,3,275,232,58,48,1,1,1
803,4,323,232,50,50,1,1,1
804,1,525,511,92,62,1,1,1
804,2,498,428,50,38,1,1,1
804,3,275,238,58,48,1,1,1
804,4,323,237,50,50,1,1,1
805,1,526,518,92,62,1,1,1
805,2,498,433,50,38,1,1,1
805,3,276,244,58,48,1,1,1
805,4,324,244,50,50,1,1,1
806,1,528,525,92,62,1,1,1
806,2,498,440,50,38,1,1,1
806,3,318,253,60,46,1,1,1
806,4,323,250,50,50,1,1,1
807,1,527,533,92,62,1,1,1
807,2,500,449,46,36,1,1,1
807,3,325,260,48,46,1,1,1
807,4,324,257,50,50,1,1,1
808,1,531,540,92,62,1,1,1
808,2,501,454,48,38,1,1,1
808,3,325,266,48,46,1,1,1
808,4,324,263,50,50,1,1,1
809,1,531,546,92,62,1,1,1
809,2,501,458,48,38,1,1,1
809,3,321,274,56,42,1,1,1
809,4,324,269,50,50,1,1,1
810,1,531,553,92,62,1,1,1
810,2,501,464,48,38,1,1,1
810,3,276,279,56,42,1,1,1
810,4,323,274,50,50,1,1,1
811,1,534,558,92,62,1,1,1
811,2,501,466,48,38,1,1,1
811,3,321,283,56,42,1,1,1
811,4,324,279,50,50,1,1,1
812,1,527,556,106,78,1,1,1
812,2,502,471,48,38,1,1,1
812,3,277,288,56,42,1,1,1
812,4,255,279,100,60,1,1,1
813,1,528,560,106,78,1,1,1
813,2,506,472,42,42,1,1,1
813,3,325,290,48,42,1,1,1
813,4,299,281,100,60,1,1,1
814,1,529,563,106,78,1,1,1
814,2,506,476,42,42,1,1,1
814,3,279,294,48,42,1,1,1
814,4,318,292,60,44,1,1,1
815,1,531,567,106,78,1,1,1
815,2,507,479,42,42,1,1,1
815,3,322,296,54,42,1,1,1
815,4,319,295,60,44,1,1,1
816,1,532,570,106,78,1,1,1
816,2,500,481,56,42,1,1,1
816,3,278,300,54,42,1,1,1
816,4,319,297,60,44,1,1,1
817,1,542,568,86,86,1,1,1
817,2,505,482,46,44,1,1,1
817,3,261,293,86,60,1,1,1
817,4,321,300,56,42,1,1,1
818,1,542,570,86,86,1,1,1
818,2,506,484,46,44,1,1,1
818,3,261,296,86,60,1,1,1
818,4,321,302,56,42,1,1,1
819,1,544,572,86,86,1,1,1
819,2,506,485,46,44,1,1,1
819,3,261,297,86,60,1,1,1
819,4,322,304,56,42,1,1,1
820,1,544,575,86,86,1,1,1
820,2,506,488,46,44,1,1,1
820,3,319,307,58,40,1,1,1
820,4,257,301,94,56,1,1,1
821,1,543,576,86,86,1,1,1
821,2,507,489,46,44,1,1,1
821,3,275,311,58,40,1,1,1
821,4,301,300,94,56,1,1,1
822,1,546,578,86,86,1,1,1
822,2,508,491,46,44,1,1,1
822,3,274,312,58,40,1,1,1
822,4,303,303,94,56,1,1,1
823,1,536,581,106,86,1,1,1
823,2,507,493,46,44,1,1,1
823,3,321,313,56,40,1,1,1
823,4,302,305,94,56,1,1,1
824,1,535,583,106,86,1,1,1
824,2,508,495,46,44,1,1,1
824,3,275,316,56,40,1,1,1
824,4,302,305,94,56,1,1,1
825,1,538,586,106,86,1,1,1
825,2,508,496,46,44,1,1,1
825,3,319,314,58,42,1,1,1
825,4,301,307,94,56,1,1,1
826,1,537,588,106,86,1,1,1
826,2,508,498,46,44,1,1,1
826,3,274,318,58,42,1,1,1
826,4,301,309,94,56,1,1,1
827,1,538,591,106,86,1,1,1
827,2,509,501,46,44,1,1,1
827,3,274,322,58,42,1,1,1
827,4,301,312,94,56,1,1,1
828,1,538,593,106,86,1,1,1
828,2,510,503,46,44,1,1,1
828,3,320,323,56,38,1,1,1
828,4,301,314,94,56,1,1,1
829,1,540,594,108,90,1,1,1
829,2,510,505,46,44,1,1,1
829,3,274,328,56,38,1,1,1
829,4,302,316,94,56,1,1,1
830,1,552,594,80,94,1,1,1
830,2,510,507,46,44,1,1,1
830,3,320,325,56,40,1,1,1
830,4,301,317,94,56,1,1,1
831,1,549,599,88,90,1,1,1
831,2,510,510,46,44,1,1,1
831,3,274,331,56,40,1,1,1
831,4,321,326,54,42,1,1,1
832,1,552,603,88,90,1,1,1
832,2,512,511,46,44,1,1,1
832,3,275,332,56,40,1,1,1
832,4,321,328,54,42,1,1,1
833,1,551,605,90,90,1,1,1
833,2,511,514,46,44,1,1,1
833,3,275,335,56,40,1,1,1
833,4,318,333,58,38,1,1,1
834,1,551,607,86,92,1,1,1
834,2,512,517,46,44,1,1,1
834,3,274,336,56,40,1,1,1
834,4,318,333,56,40,1,1,1
835,1,555,609,86,92,1,1,1
835,2,512,518,46,44,1,1,1
835,3,274,338,56,40,1,1,1
835,4,320,335,56,40,1,1,1
836,1,555,613,84,90,1,1,1
836,2,513,518,44,48,1,1,1
836,3,258,332,88,56,1,1,1
836,4,318,338,58,38,1,1,1
837,1,556,615,84,90,1,1,1
837,2,515,520,44,48,1,1,1
837,3,259,334,88,56,1,1,1
837,4,317,339,58,38,1,1,1
838,1,548,617,104,90,1,1,1
838,2,513,522,44,48,1,1,1
838,3,317,339,58,40,1,1,1
838,4,317,340,58,38,1,1,1
839,1,546,618,104,90,1,1,1
839,2,512,526,50,44,1,1,1
839,3,272,344,58,40,1,1,1
839,4,321,342,52,38,1,1,1
840,1,549,621,104,90,1,1,1
840,2,507,525,60,48,1,1,1
840,3,273,346,58,40,1,1,1
840,4,324,342,48,40,1,1,1
841,1,553,622,92,92,1,1,1
841,2,514,527,46,48,1,1,1
841,3,255,339,92,56,1,1,1
841,4,321,343,52,40,1,1,1
842,1,549,623,102,92,1,1,1
842,2,515,528,46,48,1,1,1
842,3,268,341,66,54,1,1,1
842,4,322,344,52,40,1,1,1
843,1,549,626,104,90,1,1,1
843,2,514,529,46,48,1,1,1
843,3,267,342,66,54,1,1,1
843,4,322,345,52,40,1,1,1
844,1,556,628,88,90,1,1,1
844,2,515,530,46,48,1,1,1
844,3,268,344,66,54,1,1,1
844,4,320,346,52,40,1,1,1
845,1,547,627,112,96,1,1,1
845,2,515,532,46,48,1,1,1
845,3,267,345,66,54,1,1,1
845,4,260,345,80,54,1,1,1
846,1,545,626,112,96,1,1,1
846,2,515,533,46,48,1,1,1
846,3,268,347,66,54,1,1,1
846,4,305,341,80,54,1,1,1
847,1,549,627,106,98,1,1,1
847,2,516,535,46,48,1,1,1
847,3,268,348,66,54,1,1,1
847,4,307,343,80,54,1,1,1
848,1,546,632,112,94,1,1,1
848,2,516,536,46,48,1,1,1
848,3,267,348,66,54,1,1,1
848,4,306,344,80,54,1,1,1
849,1,546,633,112,94,1,1,1
849,2,516,538,46,48,1,1,1
849,3,268,350,66,54,1,1,1
849,4,323,352,44,40,1,1,1
850,1,550,635,108,94,1,1,1
850,2,517,539,46,48,1,1,1
850,3,267,351,66,54,1,1,1
850,4,325,353,44,40,1,1,1
851,1,549,636,108,94,1,1,1
851,2,516,540,46,48,1,1,1
851,3,269,351,66,54,1,1,1
851,4,323,354,44,40,1,1,1
852,1,552,634,104,100,1,1,1
852,2,517,541,46,48,1,1,1
852,3,268,353,66,54,1,1,1
852,4,320,355,54,40,1,1,1
853,1,550,634,110,102,1,1,1
853,2,517,543,46,48,1,1,1
853,3,254,351,94,58,1,1,1
853,4,318,356,54,40,1,1,1
854,1,547,636,110,102,1,1,1
854,2,515,545,50,46,1,1,1
854,3,261,354,78,56,1,1,1
854,4,319,357,54,40,1,1,1
855,1,546,638,118,102,1,1,1
855,2,516,546,50,46,1,1,1
855,3,262,354,78,56,1,1,1
855,4,320,358,54,40,1,1,1
856,1,551,640,106,100,1,1,1
856,2,515,547,50,46,1,1,1
856,3,262,355,78,56,1,1,1
856,4,317,359,54,40,1,1,1
857,1,551,641,106,100,1,1,1
857,2,515,549,50,46,1,1,1
857,3,257,360,86,52,1,1,1
857,4,319,360,54,40,1,1,1
858,1,554,643,104,100,1,1,1
858,2,517,550,50,46,1,1,1
858,3,258,360,86,52,1,1,1
858,4,320,361,54,40,1,1,1
859,1,551,643,110,102,1,1,1
859,2,517,552,50,46,1,1,1
859,3,258,361,86,52,1,1,1
859,4,324,363,42,38,1,1,1
860,1,562,647,88,100,1,1,1
860,2,516,553,50,46,1,1,1
860,3,257,362,86,52,1,1,1
860,4,325,364,42,38,1,1,1
861,1,560,647,92,102,1,1,1
861,2,517,555,50,46,1,1,1
861,3,257,363,86,52,1,1,1
861,4,320,365,52,38,1,1,1
862,1,551,648,110,102,1,1,1
862,2,518,555,50,46,1,1,1
862,3,258,365,86,52,1,1,1
862,4,319,367,52,38,1,1,1
863,1,551,650,110,102,1,1,1
863,2,518,555,48,50,1,1,1
863,3,252,365,96,54,1,1,1
863,4,319,367,52,38,1,1,1
864,1,564,650,84,104,1,1,1
864,2,518,556,48,50,1,1,1
864,3,251,366,96,54,1,1,1
864,4,264,366,70,54,1,1,1
865,1,552,651,110,104,1,1,1
865,2,520,557,48,50,1,1,1
865,3,322,369,44,38,1,1,1
865,4,309,361,70,54,1,1,1
866,1,566,653,80,104,1,1,1
866,2,518,558,48,50,1,1,1
866,3,278,375,44,38,1,1,1
866,4,311,362,70,54,1,1,1
867,1,551,652,114,106,1,1,1
867,2,520,559,48,50,1,1,1
867,3,278,375,44,38,1,1,1
867,4,311,363,70,54,1,1,1
868,1,556,654,106,106,1,1,1
868,2,519,559,48,50,1,1,1
868,3,278,376,44,38,1,1,1
868,4,322,371,44,38,1,1,1
869,1,567,655,78,104,1,1,1
869,2,519,560,48,50,1,1,1
869,3,319,370,54,40,1,1,1
869,4,324,371,44,38,1,1,1
870,1,555,654,108,106,1,1,1
870,2,520,561,48,50,1,1,1
870,3,273,376,54,40,1,1,1
870,4,323,373,44,38,1,1,1
871,1,559,654,98,108,1,1,1
871,2,519,562,48,50,1,1,1
871,3,273,377,54,40,1,1,1
871,4,320,371,50,40,1,1,1
872,1,559,656,98,106,1,1,1
872,2,521,562,48,50,1,1,1
872,3,273,378,54,40,1,1,1
872,4,322,373,50,38,1,1,1
873,1,556,655,110,108,1,1,1
873,2,521,563,48,50,1,1,1
873,3,274,378,54,40,1,1,1
873,4,323,373,42,38,1,1,1
874,1,565,655,86,108,1,1,1
874,2,520,563,48,50,1,1,1
874,3,273,379,54,40,1,1,1
874,4,320,374,50,38,1,1,1
875,1,557,656,102,108,1,1,1
875,2,522,564,48,50,1,1,1
875,3,273,380,54,40,1,1,1
875,4,318,374,54,38,1,1,1
876,1,553,657,114,108,1,1,1
876,2,521,564,48,50,1,1,1
876,3,273,380,54,40,1,1,1
876,4,324,375,42,38,1,1,1
877,1,569,657,78,108,1,1,1
877,2,521,565,48,50,1,1,1
877,3,273,381,54,40,1,1,1
877,4,317,375,56,38,1,1,1
878,1,552,658,116,108,1,1,1
878,2,521,566,48,50,1,1,1
878,3,273,381,54,40,1,1,1
878,4,316,376,56,38,1,1,1
879,1,565,658,86,110,1,1,1
879,2,521,566,48,50,1,1,1
879,3,256,375,90,54,1,1,1
879,4,316,376,56,38,1,1,1
880,1,551,659,114,108,1,1,1
880,2,523,566,48,50,1,1,1
880,3,314,377,58,38,1,1,1
880,4,315,377,56,38,1,1,1
881,1,553,658,110,108,1,1,1
881,2,522,567,46,50,1,1,1
881,3,252,376,96,54,1,1,1
881,4,315,377,58,38,1,1,1
882,1,565,658,84,106,1,1,1
882,2,523,566,46,50,1,1,1
882,3,312,377,62,38,1,1,1
882,4,314,377,58,38,1,1,1
883,1,559,654,102,112,1,1,1
883,2,521,563,46,50,1,1,1
883,3,315,380,58,34,1,1,1
883,4,315,378,58,38,1,1,1
884,1,556,653,102,112,1,1,1
884,2,521,560,46,50,1,1,1
884,3,253,382,96,52,1,1,1
884,4,313,377,58,38,1,1,1
885,1,560,652,98,110,1,1,1
885,2,521,555,46,54,1,1,1
885,3,256,382,90,54,1,1,1
885,4,314,379,58,34,1,1,1
886,1,557,650,100,112,1,1,1
886,2,521,551,46,54,1,1,1
886,3,312,382,62,30,1,1,1
886,4,314,380,58,34,1,1,1
887,1,554,654,108,104,1,1,1
887,2,521,545,46,54,1,1,1
887,3,269,401,62,30,1,1,1
887,4,316,379,58,34,1,1,1
888,1,554,654,108,104,1,1,1
888,2,520,541,46,54,1,1,1
888,3,270,404,62,30,1,1,1
888,4,315,381,58,34,1,1,1
889,1,556,652,102,110,1,1,1
889,2,522,535,46,54,1,1,1
889,3,269,407,62,30,1,1,1
889,4,317,378,58,34,1,1,1
890,1,554,649,106,114,1,1,1
890,2,520,531,46,54,1,1,1
890,3,269,412,62,30,1,1,1
890,4,318,377,58,36,1,1,1
891,1,563,654,96,108,1,1,1
891,2,521,527,46,54,1,1,1
891,3,252,407,94,50,1,1,1
891,4,318,377,58,36,1,1,1
892,1,553,652,108,110,1,1,1
892,2,517,521,54,52,1,1,1
892,3,253,411,94,52,1,1,1
892,4,318,380,56,34,1,1,1
893,1,552,653,114,110,1,1,1
893,2,518,517,54,52,1,1,1
893,3,253,416,94,52,1,1,1
893,4,318,380,56,34,1,1,1
894,1,556,657,108,104,1,1,1
894,2,516,513,54,52,1,1,1
894,3,253,421,94,52,1,1,1
894,4,320,377,52,38,1,1,1
895,1,558,659,104,102,1,1,1
895,2,516,507,54,52,1,1,1
895,3,253,425,94,52,1,1,1
895,4,321,379,52,38,1,1,1
896,1,553,657,112,106,1,1,1
896,2,518,506,50,46,1,1,1
896,3,265,428,72,54,1,1,1
896,4,319,380,54,36,1,1,1
897,1,558,659,106,104,1,1,1
897,2,517,501,50,46,1,1,1
897,3,266,432,72,54,1,1,1
897,4,320,380,52,36,1,1,1
898,1,557,657,104,108,1,1,1
898,2,517,496,50,46,1,1,1
898,3,265,436,72,54,1,1,1
898,4,321,382,52,36,1,1,1
899,1,559,657,102,110,1,1,1
899,2,518,493,50,46,1,1,1
899,3,263,442,72,54,1,1,1
899,4,321,380,52,36,1,1,1
900,1,561,660,102,106,1,1,1
900,2,516,488,50,46,1,1,1
900,3,263,447,72,54,1,1,1
900,4,321,381,52,36,1,1,1
901,1,564,660,92,104,1,1,1
901,2,515,488,56,44,1,1,1
901,3,262,450,72,54,1,1,1
901,4,321,382,52,36,1,1,1
902,1,561,659,98,110,1,1,1
902,2,514,485,56,44,1,1,1
902,3,265,456,72,54,1,1,1
902,4,321,380,56,38,1,1,1
903,1,566,663,88,108,1,1,1
903,2,515,482,56,44,1,1,1
903,3,265,462,72,54,1,1,1
903,4,318,381,58,38,1,1,1
904,1,557,662,108,108,1,1,1
904,2,514,480,56,44,1,1,1
904,3,264,466,72,54,1,1,1
904,4,319,379,58,40,1,1,1
905,1,560,662,102,110,1,1,1
905,2,515,476,56,44,1,1,1
905,3,266,471,72,54,1,1,1
905,4,319,380,56,40,1,1,1
906,1,566,665,92,108,1,1,1
906,2,515,473,56,44,1,1,1
906,3,263,476,72,54,1,1,1
906,4,317,382,60,38,1,1,1
907,1,553,664,118,108,1,1,1
907,2,515,469,56,44,1,1,1
907,3,265,481,72,54,1,1,1
907,4,320,381,56,40,1,1,1
908,1,568,667,86,106,1,1,1
908,2,515,466,56,44,1,1,1
908,3,263,485,72,54,1,1,1
908,4,320,381,56,40,1,1,1
909,1,555,666,118,108,1,1,1
909,2,514,464,56,44,1,1,1
909,3,263,490,72,54,1,1,1
909,4,320,382,56,40,1,1,1
910,1,560,665,108,110,1,1,1
910,2,509,461,68,44,1,1,1
910,3,256,489,92,66,1,1,1
910,4,318,382,60,40,1,1,1
911,1,567,670,94,104,1,1,1
911,2,509,459,68,44,1,1,1
911,3,252,494,92,66,1,1,1
911,4,319,383,60,40,1,1,1
912,1,553,669,122,104,1,1,1
912,2,512,458,62,42,1,1,1
912,3,253,502,94,62,1,1,1
912,4,319,381,58,42,1,1,1
913,1,561,667,104,110,1,1,1
913,2,512,455,62,42,1,1,1
913,3,254,509,94,62,1,1,1
913,4,320,383,56,40,1,1,1
914,1,563,674,106,102,1,1,1
914,2,512,454,62,42,1,1,1
914,3,264,514,70,60,1,1,1
914,4,320,384,56,40,1,1,1
915,1,557,671,118,104,1,1,1
915,2,512,451,62,42,1,1,1
915,3,267,517,70,60,1,1,1
915,4,319,384,58,40,1,1,1
916,1,568,670,92,110,1,1,1
916,2,514,449,62,42,1,1,1
916,3,258,516,84,72,1,1,1
916,4,320,384,56,40,1,1,1
917,1,557,673,118,106,1,1,1
917,2,512,448,62,42,1,1,1
917,3,257,520,84,72,1,1,1
917,4,325,385,46,40,1,1,1
918,1,559,672,114,108,1,1,1
918,2,514,445,62,42,1,1,1
918,3,260,524,84,72,1,1,1
918,4,319,385,56,40,1,1,1
919,1,566,673,98,108,1,1,1
919,2,520,445,48,40,1,1,1
919,3,262,527,76,76,1,1,1
919,4,324,385,48,40,1,1,1
920,1,556,673,120,108,1,1,1
920,2,516,443,54,40,1,1,1
920,3,260,533,76,76,1,1,1
920,4,324,386,48,40,1,1,1
921,1,558,674,116,108,1,1,1
921,2,511,440,66,42,1,1,1
921,3,262,537,76,76,1,1,1
921,4,324,386,48,40,1,1,1
922,1,569,677,92,104,1,1,1
922,2,517,440,52,40,1,1,1
922,3,257,540,84,80,1,1,1
922,4,325,386,48,40,1,1,1
923,1,559,676,120,106,1,1,1
923,2,517,438,52,40,1,1,1
923,3,255,546,84,80,1,1,1
923,4,325,385,48,42,1,1,1
924,1,559,678,116,104,1,1,1
924,2,512,436,62,40,1,1,1
924,3,255,557,84,72,1,1,1
924,4,324,385,52,42,1,1,1
925,1,563,677,104,104,1,1,1
925,2,512,435,62,40,1,1,1
925,3,256,562,84,72,1,1,1
925,4,323,386,52,42,1,1,1
926,1,557,678,124,104,1,1,1
926,2,513,433,62,40,1,1,1
926,3,253,568,84,72,1,1,1
926,4,323,386,52,42,1,1,1
927,1,566,676,102,108,1,1,1
927,2,512,432,62,40,1,1,1
927,3,254,570,84,76,1,1,1
927,4,321,386,52,42,1,1,1
928,1,563,674,106,108,1,1,1
928,2,511,430,62,40,1,1,1
928,3,255,574,84,76,1,1,1
928,4,323,386,52,42,1,1,1
929,1,560,675,118,108,1,1,1
929,2,512,429,62,40,1,1,1
929,3,254,579,84,76,1,1,1
929,4,322,387,52,40,1,1,1
930,1,570,676,92,108,1,1,1
930,2,512,428,62,40,1,1,1
930,3,253,582,84,76,1,1,1
930,4,323,387,52,40,1,1,1
931,1,563,678,112,104,1,1,1
931,2,511,426,62,40,1,1,1
931,3,256,584,84,76,1,1,1
931,4,328,387,40,40,1,1,1
932,1,562,681,112,102,1,1,1
932,2,512,425,62,40,1,1,1
932,3,252,588,84,76,1,1,1
932,4,322,384,54,44,1,1,1
933,1,565,675,100,108,1,1,1
933,2,510,424,62,40,1,1,1
933,3,251,591,86,78,1,1,1
933,4,322,385,54,44,1,1,1
934,1,562,679,116,104,1,1,1
934,2,511,423,62,40,1,1,1
934,3,254,593,86,78,1,1,1
934,4,323,386,50,42,1,1,1
935,1,565,675,98,108,1,1,1
935,2,510,423,62,40,1,1,1
935,3,250,596,86,78,1,1,1
935,4,324,387,50,40,1,1,1
936,1,561,674,112,110,1,1,1
936,2,510,421,62,40,1,1,1
936,3,251,599,86,78,1,1,1
936,4,328,387,42,40,1,1,1
937,1,559,679,118,104,1,1,1
937,2,511,419,62,40,1,1,1
937,3,253,602,86,78,1,1,1
937,4,322,386,54,42,1,1,1
938,1,565,673,98,112,1,1,1
938,2,509,419,62,40,1,1,1
938,3,249,605,86,78,1,1,1
938,4,326,387,48,40,1,1,1
939,1,566,673,100,112,1,1,1
939,2,510,417,60,40,1,1,1
939,3,248,604,90,88,1,1,1
939,4,330,389,40,38,1,1,1
940,1,559,678,118,106,1,1,1
940,2,512,416,58,40,1,1,1
940,3,254,612,82,76,1,1,1
940,4,322,386,54,42,1,1,1
941,1,563,674,104,110,1,1,1
941,2,511,415,58,40,1,1,1
941,3,255,615,82,76,1,1,1
941,4,323,386,52,42,1,1,1
942,1,563,674,104,110,1,1,1
942,2,510,414,58,40,1,1,1
942,3,251,620,82,76,1,1,1
942,4,328,387,42,40,1,1,1
943,1,566,676,104,110,1,1,1
943,2,511,413,58,40,1,1,1
943,3,254,621,82,76,1,1,1
943,4,323,386,52,42,1,1,1
944,1,564,673,100,110,1,1,1
944,2,509,413,58,40,1,1,1
944,3,255,623,82,76,1,1,1
944,4,325,387,50,40,1,1,1
945,1,561,672,110,112,1,1,1
945,2,511,412,58,40,1,1,1
945,3,252,628,82,76,1,1,1
945,4,324,387,50,40,1,1,1
946,1,561,675,108,108,1,1,1
946,2,509,411,58,40,1,1,1
946,3,255,627,82,76,1,1,1
946,4,323,387,50,40,1,1,1
947,1,560,674,108,108,1,1,1
947,2,509,410,58,40,1,1,1
947,3,252,631,82,76,1,1,1
947,4,329,388,40,38,1,1,1
948,1,563,676,108,108,1,1,1
948,2,510,409,58,40,1,1,1
948,3,253,632,82,76,1,1,1
948,4,321,387,56,40,1,1,1
949,1,562,674,104,108,1,1,1
949,2,508,409,58,40,1,1,1
949,3,255,632,82,76,1,1,1
949,4,324,387,50,40,1,1,1
950,1,561,670,108,114,1,1,1
950,2,510,407,58,40,1,1,1
950,3,253,639,82,76,1,1,1
950,4,327,388,46,38,1,1,1
951,1,558,673,114,110,1,1,1
951,2,509,408,58,40,1,1,1
951,3,254,639,82,76,1,1,1
951,4,322,385,54,42,1,1,1
952,1,556,672,114,110,1,1,1
952,2,508,406,58,40,1,1,1
952,3,255,643,82,76,1,1,1
952,4,330,388,38,38,1,1,1
953,1,559,675,114,110,1,1,1
953,2,509,406,58,40,1,1,1
953,3,253,643,82,76,1,1,1
953,4,330,387,38,38,1,1,1
954,1,557,673,114,110,1,1,1
954,2,509,407,54,38,1,1,1
954,3,255,642,82,76,1,1,1
954,4,331,387,38,38,1,1,1
955,1,562,671,104,112,1,1,1
955,2,510,405,54,38,1,1,1
955,3,255,648,82,76,1,1,1
955,4,330,387,38,38,1,1,1
956,1,554,673,118,110,1,1,1
956,2,509,405,54,38,1,1,1
956,3,252,649,82,76,1,1,1
956,4,320,383,58,44,1,1,1
957,1,564,668,96,116,1,1,1
957,2,508,404,54,38,1,1,1
957,3,256,649,82,76,1,1,1
957,4,328,386,42,40,1,1,1
958,1,559,675,114,108,1,1,1
958,2,509,404,54,38,1,1,1
958,3,252,651,82,76,1,1,1
958,4,322,386,54,40,1,1,1
959,1,556,673,114,108,1,1,1
959,2,507,404,54,38,1,1,1
959,3,253,652,82,76,1,1,1
959,4,322,386,54,40,1,1,1
960,1,565,672,94,108,1,1,1
960,2,508,403,54,38,1,1,1
960,3,254,654,82,76,1,1,1
960,4,329,387,40,38,1,1,1
961,1,555,675,118,106,1,1,1
961,2,509,402,54,38,1,1,1
961,3,252,653,82,76,1,1,1
961,4,322,386,54,40,1,1,1
962,1,561,670,100,112,1,1,1
962,2,507,402,54,38,1,1,1
962,3,256,655,82,76,1,1,1
962,4,329,387,40,38,1,1,1
963,1,559,676,112,104,1,1,1
963,2,508,401,54,38,1,1,1
963,3,252,657,82,76,1,1,1
963,4,321,386,56,40,1,1,1
964,1,556,675,112,104,1,1,1
964,2,508,401,50,38,1,1,1
964,3,251,657,82,76,1,1,1
964,4,321,384,56,42,1,1,1
965,1,560,676,106,104,1,1,1
965,2,509,400,50,38,1,1,1
965,3,254,660,82,76,1,1,1
965,4,323,386,52,40,1,1,1
966,1,552,673,120,108,1,1,1
966,2,508,400,50,38,1,1,1
966,3,251,659,82,76,1,1,1
966,4,321,384,56,42,1,1,1
967,1,561,667,100,116,1,1,1
967,2,509,401,46,36,1,1,1
967,3,255,660,82,76,1,1,1
967,4,321,385,56,42,1,1,1
968,1,561,673,106,108,1,1,1
968,2,509,400,46,36,1,1,1
968,3,254,662,82,76,1,1,1
968,4,322,384,54,42,1,1,1
969,1,559,672,106,108,1,1,1
969,2,507,400,46,36,1,1,1
969,3,253,661,82,76,1,1,1
969,4,323,384,54,42,1,1,1
970,1,566,670,90,110,1,1,1
970,2,506,398,50,38,1,1,1
970,3,255,661,82,76,1,1,1
970,4,321,384,54,42,1,1,1
971,1,550,669,124,112,1,1,1
971,2,506,398,50,38,1,1,1
971,3,251,663,82,76,1,1,1
971,4,322,384,54,42,1,1,1
972,1,561,666,100,116,1,1,1
972,2,505,397,50,38,1,1,1
972,3,255,663,82,76,1,1,1
972,4,322,384,54,42,1,1,1
973,1,562,667,100,116,1,1,1
973,2,505,396,50,38,1,1,1
973,3,253,664,82,76,1,1,1
973,4,322,384,54,42,1,1,1
974,1,556,668,112,112,1,1,1
974,2,504,397,50,38,1,1,1
974,3,250,663,82,76,1,1,1
974,4,322,384,54,42,1,1,1
975,1,568,667,84,112,1,1,1
975,2,503,396,50,38,1,1,1
975,3,255,664,82,76,1,1,1
975,4,322,384,54,42,1,1,1
976,1,569,668,84,112,1,1,1
976,2,505,395,50,38,1,1,1
976,3,256,666,82,76,1,1,1
976,4,322,384,54,42,1,1,1
977,1,559,667,104,112,1,1,1
977,2,503,395,50,38,1,1,1
977,3,253,665,82,76,1,1,1
977,4,323,385,52,40,1,1,1
978,1,570,667,80,112,1,1,1
978,2,502,394,50,38,1,1,1
978,3,256,663,82,76,1,1,1
978,4,325,386,48,38,1,1,1
979,1,553,670,118,108,1,1,1
979,2,503,394,50,38,1,1,1
979,3,250,665,82,76,1,1,1
979,4,323,383,54,42,1,1,1
980,1,551,668,118,108,1,1,1
980,2,502,394,50,38,1,1,1
980,3,254,665,82,76,1,1,1
980,4,324,384,52,40,1,1,1
981,1,551,668,118,108,1,1,1
981,2,503,393,50,38,1,1,1
981,3,255,667,82,76,1,1,1
981,4,324,384,52,40,1,1,1
982,1,552,668,118,108,1,1,1
982,2,501,393,50,38,1,1,1
982,3,251,665,82,76,1,1,1
982,4,321,384,56,40,1,1,1
983,1,568,666,82,112,1,1,1
983,2,501,392,50,38,1,1,1
983,3,256,666,82,76,1,1,1
983,4,323,382,52,42,1,1,1
984,1,570,665,82,112,1,1,1
984,2,501,392,50,38,1,1,1
984,3,252,665,82,76,1,1,1
984,4,321,383,56,40,1,1,1
985,1,567,663,82,112,1,1,1
985,2,500,391,50,38,1,1,1
985,3,256,665,82,76,1,1,1
985,4,326,383,48,40,1,1,1
