2,1,260,289,76,40,1,1,1
2,2,533,329,50,31,1,1,1
2,3,576,288,61,40,1,1,1
2,4,817,375,47,31,1,1,1
2,5,911,327,57,39,1,1,1
2,6,1062,772,47,28,1,1,1
2,7,1304,862,62,40,1,1,1
2,8,1351,787,51,29,1,1,1
2,9,1608,864,79,39,1,1,1
3,1,265,292,75,40,1,1,1
3,2,534,331,51,31,1,1,1
3,3,577,292,62,39,1,1,1
3,4,818,378,47,30,1,1,1
3,5,911,331,56,38,1,1,1
3,6,1061,766,47,28,1,1,1
3,7,1303,853,62,39,1,1,1
3,8,1350,780,51,29,1,1,1
3,9,1604,854,78,39,1,1,1
4,1,276,299,74,39,1,1,1
4,2,538,335,49,31,1,1,1
4,3,581,299,60,38,1,1,1
4,4,821,383,46,30,1,1,1
4,5,909,339,55,37,1,1,1
4,6,1059,753,47,29,1,1,1
4,7,1302,833,61,38,1,1,1
4,8,1348,767,51,28,1,1,1
4,9,1595,836,78,37,1,1,1
5,1,281,302,73,39,1,1,1
5,2,539,338,50,30,1,1,1
5,3,582,302,60,38,1,1,1
5,4,822,386,46,29,1,1,1
5,5,908,343,55,37,1,1,1
5,6,1058,748,47,28,1,1,1
5,7,1301,825,61,37,1,1,1
5,8,1348,761,50,28,1,1,1
5,9,1592,827,77,38,1,1,1
6,1,286,306,73,37,1,1,1
6,2,541,339,49,30,1,1,1
6,3,584,305,60,38,1,1,1
6,4,823,389,46,29,1,1,1
6,5,907,347,55,36,1,1,1
6,6,1057,742,47,28,1,1,1
6,7,1300,816,61,37,1,1,1
6,8,1347,754,50,29,1,1,1
6,9,1587,819,77,36,1,1,1
7,1,292,309,72,38,1,1,1
7,2,542,341,49,30,1,1,1
7,3,586,309,59,37,1,1,1
7,4,825,392,45,29,1,1,1
7,5,907,351,54,36,1,1,1
7,6,1056,736,46,28,1,1,1
7,7,1300,807,60,36,1,1,1
7,8,1346,748,50,28,1,1,1
7,9,1583,809,76,37,1,1,1
8,1,302,316,71,36,1,1,1
8,2,545,344,49,29,1,1,1
8,3,589,315,59,37,1,1,1
8,4,827,397,45,29,1,1,1
8,5,905,358,54,36,1,1,1
8,6,1054,726,46,28,1,1,1
8,7,1298,790,61,35,1,1,1
8,8,1344,736,50,28,1,1,1
8,9,1575,793,75,36,1,1,1
9,1,307,319,71,36,1,1,1
9,2,547,345,48,29,1,1,1
9,3,591,319,58,36,1,1,1
9,4,828,400,45,28,1,1,1
9,5,904,362,53,35,1,1,1
9,6,1054,721,45,27,1,1,1
9,7,1298,782,60,35,1,1,1
9,8,1343,731,50,28,1,1,1
9,9,1571,785,74,36,1,1,1
10,1,312,322,70,36,1,1,1
10,2,548,346,48,28,1,1,1
10,3,593,322,57,36,1,1,1
10,4,829,402,45,29,1,1,1
10,5,903,366,53,34,1,1,1
10,6,1053,716,45,27,1,1,1
10,7,1297,773,60,35,1,1,1
10,8,1342,725,50,28,1,1,1
10,9,1567,778,74,35,1,1,1
11,1,323,329,69,35,1,1,1
11,2,552,347,47,29,1,1,1
11,3,596,328,57,35,1,1,1
11,4,832,408,44,28,1,1,1
11,5,902,374,52,34,1,1,1
11,6,1051,706,45,27,1,1,1
11,7,1296,757,59,34,1,1,1
11,8,1340,714,49,27,1,1,1
11,9,1558,762,73,34,1,1,1
12,1,328,332,69,34,1,1,1
12,2,553,349,48,28,1,1,1
12,3,598,331,56,34,1,1,1
12,4,833,411,44,27,1,1,1
12,5,901,377,52,34,1,1,1
12,6,1050,701,45,27,1,1,1
12,7,1295,749,59,34,1,1,1
12,8,1340,709,48,27,1,1,1
12,9,1554,754,73,35,1,1,1
13,1,333,334,68,34,1,1,1
13,2,555,350,47,28,1,1,1
13,3,599,333,56,34,1,1,1
13,4,834,413,44,28,1,1,1
13,5,900,381,52,33,1,1,1
13,6,1049,696,45,27,1,1,1
13,7,1295,742,58,33,1,1,1
13,8,1339,703,48,27,1,1,1
13,9,1550,747,72,34,1,1,1
14,1,338,336,67,34,1,1,1
14,2,556,352,47,27,1,1,1
14,3,601,335,56,34,1,1,1
14,4,835,416,44,27,1,1,1
14,5,899,385,52,33,1,1,1
14,6,1048,691,45,27,1,1,1
14,7,1294,734,58,34,1,1,1
14,8,1338,698,48,27,1,1,1
14,9,1546,740,72,34,1,1,1
15,1,348,342,67,33,1,1,1
15,2,559,355,47,28,1,1,1
15,3,604,340,55,33,1,1,1
15,4,838,421,43,27,1,1,1
15,5,898,392,51,32,1,1,1
15,6,1047,682,44,27,1,1,1
15,7,1293,719,57,33,1,1,1
15,8,1336,688,48,27,1,1,1
15,9,1538,726,71,33,1,1,1
16,1,353,345,66,33,1,1,1
16,2,561,357,46,28,1,1,1
16,3,606,343,54,33,1,1,1
16,4,839,424,43,27,1,1,1
16,5,897,396,51,32,1,1,1
16,6,1046,677,44,27,1,1,1
16,7,1292,712,57,33,1,1,1
16,8,1335,683,48,26,1,1,1
16,9,1534,719,70,33,1,1,1
17,1,358,347,66,33,1,1,1
17,2,562,360,46,27,1,1,1
17,3,607,346,55,33,1,1,1
17,4,840,426,43,27,1,1,1
17,5,896,399,51,32,1,1,1
17,6,1045,673,44,26,1,1,1
17,7,1292,705,57,33,1,1,1
17,8,1334,678,48,27,1,1,1
17,9,1530,712,70,33,1,1,1
18,1,368,353,64,33,1,1,1
18,2,566,363,45,27,1,1,1
18,3,611,352,53,32,1,1,1
18,4,842,432,43,26,1,1,1
18,5,895,406,50,32,1,1,1
18,6,1043,664,44,26,1,1,1
18,7,1291,691,56,32,1,1,1
18,8,1333,668,46,27,1,1,1
18,9,1522,699,69,32,1,1,1
19,1,373,357,64,32,1,1,1
19,2,567,365,45,26,1,1,1
19,3,612,355,53,32,1,1,1
19,4,844,434,42,27,1,1,1
19,5,894,410,50,31,1,1,1
19,6,1042,659,43,26,1,1,1
19,7,1290,683,56,32,1,1,1
19,8,1332,663,46,27,1,1,1
19,9,1517,692,69,32,1,1,1
20,1,378,359,64,32,1,1,1
20,2,569,366,44,26,1,1,1
20,3,614,358,53,32,1,1,1
20,4,845,437,42,26,1,1,1
20,5,893,414,50,31,1,1,1
20,6,1041,654,43,26,1,1,1
20,7,1289,676,56,32,1,1,1
20,8,1331,658,46,26,1,1,1
20,9,1513,685,68,32,1,1,1
21,1,388,364,62,31,1,1,1
21,2,572,368,44,26,1,1,1
21,3,617,364,52,31,1,1,1
21,4,847,442,42,26,1,1,1
21,5,892,420,49,31,1,1,1
21,6,1040,646,42,26,1,1,1
21,7,1288,663,55,32,1,1,1
21,8,1329,649,46,26,1,1,1
21,9,1505,672,68,32,1,1,1
22,1,388,364,62,31,1,1,1
22,2,572,368,44,26,1,1,1
22,3,617,364,52,31,1,1,1
22,4,847,442,42,26,1,1,1
22,5,892,420,49,31,1,1,1
22,6,1040,646,42,26,1,1,1
22,7,1288,663,55,32,1,1,1
22,8,1329,649,46,26,1,1,1
22,9,1505,672,68,32,1,1,1
23,1,397,368,61,31,1,1,1
23,2,575,370,43,26,1,1,1
23,3,620,369,51,31,1,1,1
23,4,849,447,42,26,1,1,1
23,5,890,427,49,30,1,1,1
23,6,1038,637,42,26,1,1,1
23,7,1287,650,54,31,1,1,1
23,8,1327,640,46,26,1,1,1
23,9,1497,660,67,31,1,1,1
24,1,402,371,60,31,1,1,1
24,2,576,371,44,26,1,1,1
24,3,621,371,51,31,1,1,1
24,4,851,450,41,26,1,1,1
24,5,890,430,48,30,1,1,1
24,6,1037,633,42,26,1,1,1
24,7,1286,644,54,30,1,1,1
24,8,1326,635,46,26,1,1,1
24,9,1493,654,66,31,1,1,1
25,1,406,374,60,30,1,1,1
25,2,578,372,43,26,1,1,1
25,3,623,373,51,31,1,1,1
25,4,852,452,41,26,1,1,1
25,5,889,434,48,30,1,1,1
25,6,1036,629,42,25,1,1,1
25,7,1286,637,54,31,1,1,1
25,8,1325,631,46,25,1,1,1
25,9,1489,648,66,30,1,1,1
26,1,415,379,60,30,1,1,1
26,2,580,375,43,26,1,1,1
26,3,626,378,50,30,1,1,1
26,4,854,457,41,26,1,1,1
26,5,888,440,47,29,1,1,1
26,6,1035,621,41,25,1,1,1
26,7,1285,625,53,30,1,1,1
26,8,1324,622,45,25,1,1,1
26,9,1482,636,65,30,1,1,1
27,1,419,382,59,30,1,1,1
27,2,582,377,42,25,1,1,1
27,3,627,381,50,30,1,1,1
27,4,855,460,41,25,1,1,1
27,5,887,443,47,30,1,1,1
27,6,1034,617,41,25,1,1,1
27,7,1284,619,53,30,1,1,1
27,8,1323,618,45,25,1,1,1
27,9,1478,630,64,30,1,1,1
28,1,423,385,59,29,1,1,1
28,2,583,379,42,25,1,1,1
28,3,629,384,49,29,1,1,1
28,4,856,462,40,25,1,1,1
28,5,886,446,47,29,1,1,1
28,6,1033,613,41,24,1,1,1
28,7,1283,613,53,30,1,1,1
28,8,1322,614,45,25,1,1,1
28,9,1474,624,65,31,1,1,1
29,1,428,388,58,29,1,1,1
29,2,584,381,43,25,1,1,1
29,3,630,387,49,29,1,1,1
29,4,857,465,40,24,1,1,1
29,5,886,450,46,29,1,1,1
29,6,1032,608,41,25,1,1,1
29,7,1283,606,52,30,1,1,1
29,8,1321,609,45,25,1,1,1
29,9,1470,618,64,30,1,1,1
30,1,436,394,57,29,1,1,1
30,2,587,385,42,25,1,1,1
30,3,633,392,48,29,1,1,1
30,4,859,469,40,25,1,1,1
30,5,885,456,45,28,1,1,1
30,6,1031,601,40,24,1,1,1
30,7,1282,595,52,29,1,1,1
30,8,1320,601,44,25,1,1,1
30,9,1463,607,63,30,1,1,1
31,1,440,397,57,29,1,1,1
31,2,588,388,42,25,1,1,1
31,3,634,396,48,28,1,1,1
31,4,860,472,40,24,1,1,1
31,5,884,459,45,28,1,1,1
31,6,1030,596,40,25,1,1,1
31,7,1281,588,52,30,1,1,1
31,8,1319,597,43,24,1,1,1
31,9,1459,601,63,30,1,1,1
32,1,444,401,57,29,1,1,1
32,2,590,390,41,25,1,1,1
32,3,635,399,49,29,1,1,1
32,4,861,474,40,24,1,1,1
32,5,883,462,46,28,1,1,1
32,6,1029,593,40,24,1,1,1
32,7,1281,583,51,29,1,1,1
32,8,1318,592,43,25,1,1,1
32,9,1455,596,63,29,1,1,1
33,1,452,409,56,28,1,1,1
33,2,592,396,42,25,1,1,1
33,3,638,406,48,28,1,1,1
33,4,864,479,36,24,1,1,1
33,5,882,468,45,28,1,1,1
33,6,1027,585,40,24,1,1,1
33,7,1279,571,51,29,1,1,1
33,8,1316,584,43,24,1,1,1
33,9,1448,584,62,30,1,1,1
34,1,456,413,56,27,1,1,1
34,2,594,399,41,25,1,1,1
34,3,639,410,48,28,1,1,1
34,4,864,481,39,24,1,1,1
34,5,881,471,45,27,1,1,1
34,6,1027,581,40,23,1,1,1
34,7,1279,565,51,29,1,1,1
34,8,1315,580,43,24,1,1,1
34,9,1444,579,62,29,1,1,1
35,1,460,417,55,27,1,1,1
35,2,595,403,41,24,1,1,1
35,3,641,413,47,28,1,1,1
35,4,865,484,39,23,1,1,1
35,5,881,474,44,27,1,1,1
35,6,1026,577,40,24,1,1,1
35,7,1278,560,51,28,1,1,1
35,8,1315,576,42,24,1,1,1
35,9,1441,574,61,28,1,1,1
36,1,464,421,54,27,1,1,1
36,2,596,406,42,24,1,1,1
36,3,642,417,47,28,1,1,1
36,4,866,487,39,23,1,1,1
36,5,880,477,44,27,1,1,1
36,6,1025,573,40,24,1,1,1
36,7,1278,554,50,29,1,1,1
36,8,1314,572,42,24,1,1,1
36,9,1437,568,61,29,1,1,1
37,1,471,430,54,27,1,1,1
37,2,599,413,41,23,1,1,1
37,3,645,425,47,27,1,1,1
37,4,868,491,34,24,1,1,1
37,5,879,482,44,28,1,1,1
37,6,1024,565,39,24,1,1,1
37,7,1277,543,49,28,1,1,1
37,8,1312,563,43,24,1,1,1
37,9,1430,558,60,28,1,1,1
38,1,475,434,53,27,1,1,1
38,2,600,416,41,24,1,1,1
38,3,646,429,47,27,1,1,1
38,4,869,494,38,23,1,1,1
38,5,878,485,44,27,1,1,1
38,6,1023,561,39,24,1,1,1
38,7,1276,537,50,29,1,1,1
38,8,1311,559,43,24,1,1,1
38,9,1427,552,59,29,1,1,1
39,1,478,439,54,26,1,1,1
39,2,601,420,42,23,1,1,1
39,3,647,433,47,27,1,1,1
39,4,870,497,38,23,1,1,1
39,5,878,488,43,27,1,1,1
39,6,1022,558,39,23,1,1,1
39,7,1276,532,49,28,1,1,1
39,8,1311,555,42,24,1,1,1
39,9,1423,547,59,28,1,1,1
40,1,485,448,53,27,1,1,1
40,2,603,427,42,23,1,1,1
40,3,649,441,48,27,1,1,1
40,4,872,502,35,24,1,1,1
40,5,877,494,42,26,1,1,1
40,6,1021,550,38,24,1,1,1
40,7,1275,521,48,28,1,1,1
40,8,1309,547,42,24,1,1,1
40,9,1417,537,58,28,1,1,1
41,1,488,453,53,27,1,1,1
41,2,605,431,41,23,1,1,1
41,3,651,445,47,27,1,1,1
41,4,873,506,36,23,1,1,1
41,5,876,496,43,26,1,1,1
41,6,1020,547,39,23,1,1,1
41,7,1274,516,49,28,1,1,1
41,8,1308,543,42,24,1,1,1
41,9,1413,532,58,27,1,1,1
42,1,492,458,52,26,1,1,1
42,2,606,435,41,23,1,1,1
42,3,652,449,47,27,1,1,1
42,4,874,509,36,23,1,1,1
42,5,876,499,42,26,1,1,1
42,6,1019,543,39,23,1,1,1
42,7,1274,510,48,28,1,1,1
42,8,1308,540,41,23,1,1,1
42,9,1410,527,58,27,1,1,1
43,1,495,464,52,26,1,1,1
43,2,607,439,42,23,1,1,1
43,3,653,453,47,27,1,1,1
43,4,875,512,35,23,1,1,1
43,5,875,502,42,25,1,1,1
43,6,1019,539,38,23,1,1,1
43,7,1273,505,48,28,1,1,1
43,8,1307,536,41,23,1,1,1
43,9,1407,522,57,27,1,1,1
44,1,501,474,51,26,1,1,1
44,2,610,448,41,22,1,1,1
44,3,656,461,47,26,1,1,1
44,4,876,518,34,23,1,1,1
44,5,874,507,42,26,1,1,1
44,6,1017,532,38,23,1,1,1
44,7,1272,495,48,27,1,1,1
44,8,1305,528,41,23,1,1,1
44,9,1400,512,57,27,1,1,1
45,1,505,479,50,26,1,1,1
45,2,611,452,41,23,1,1,1
45,3,657,465,47,26,1,1,1
45,4,876,522,35,23,1,1,1
45,5,873,510,42,25,1,1,1
45,6,1017,528,37,23,1,1,1
45,7,1272,489,47,28,1,1,1
45,8,1305,524,40,23,1,1,1
45,9,1397,507,56,26,1,1,1
46,1,508,484,50,26,1,1,1
46,2,612,456,41,23,1,1,1
46,3,658,469,47,26,1,1,1
46,4,876,524,35,23,1,1,1
46,5,873,512,41,25,1,1,1
46,6,1016,525,38,23,1,1,1
46,7,1271,484,47,28,1,1,1
46,8,1304,520,40,23,1,1,1
46,9,1394,502,56,27,1,1,1
47,1,513,494,50,26,1,1,1
47,2,615,465,41,22,1,1,1
47,3,661,477,47,25,1,1,1
47,4,877,530,35,24,1,1,1
47,5,872,517,41,25,1,1,1
47,6,1015,518,37,22,1,1,1
47,7,1270,474,47,28,1,1,1
47,8,1303,513,40,23,1,1,1
47,9,1388,492,56,27,1,1,1
48,1,516,499,50,26,1,1,1
48,2,616,469,41,22,1,1,1
48,3,663,480,46,26,1,1,1
48,4,877,533,35,24,1,1,1
48,5,872,519,40,25,1,1,1
48,6,1014,514,37,23,1,1,1
48,7,1270,469,46,28,1,1,1
48,8,1302,509,40,23,1,1,1
48,9,1385,488,55,26,1,1,1
49,1,519,504,49,26,1,1,1
49,2,617,473,41,22,1,1,1
49,3,664,484,46,25,1,1,1
49,4,877,536,36,24,1,1,1
49,5,871,522,41,25,1,1,1
49,6,1013,511,38,22,1,1,1
49,7,1269,465,47,27,1,1,1
49,8,1301,506,40,23,1,1,1
49,9,1382,483,55,27,1,1,1
50,1,522,509,48,26,1,1,1
50,2,618,477,41,22,1,1,1
50,3,665,488,47,25,1,1,1
50,4,877,539,36,24,1,1,1
50,5,871,525,40,24,1,1,1
50,6,1013,508,37,22,1,1,1
50,7,1269,460,46,27,1,1,1
50,8,1301,502,39,23,1,1,1
50,9,1379,478,55,27,1,1,1
51,1,527,520,48,26,1,1,1
51,2,621,486,41,22,1,1,1
51,3,668,495,46,25,1,1,1
51,4,877,545,37,24,1,1,1
51,5,870,530,40,25,1,1,1
51,6,1011,502,37,22,1,1,1
51,7,1268,450,46,27,1,1,1
51,8,1299,494,40,23,1,1,1
51,9,1373,469,54,27,1,1,1
52,1,530,525,48,26,1,1,1
52,2,622,489,41,23,1,1,1
52,3,670,499,46,25,1,1,1
52,4,877,548,37,23,1,1,1
52,5,870,533,39,25,1,1,1
52,6,1011,499,36,23,1,1,1
52,7,1267,445,46,27,1,1,1
52,8,1299,491,39,23,1,1,1
52,9,1371,465,53,26,1,1,1
53,1,532,530,48,26,1,1,1
53,2,624,494,40,22,1,1,1
53,3,671,503,46,24,1,1,1
53,4,877,552,38,23,1,1,1
53,5,870,536,39,24,1,1,1
53,6,1010,497,37,23,1,1,1
53,7,1267,440,46,28,1,1,1
53,8,1298,487,39,23,1,1,1
53,9,1368,460,53,27,1,1,1
54,1,535,535,47,26,1,1,1
54,2,625,498,41,22,1,1,1
54,3,673,506,45,25,1,1,1
54,4,877,554,38,24,1,1,1
54,5,870,539,38,24,1,1,1
54,6,1010,495,36,23,1,1,1
54,7,1267,436,45,27,1,1,1
54,8,1297,484,39,23,1,1,1
54,9,1365,456,53,26,1,1,1
55,1,539,545,47,26,1,1,1
55,2,628,506,40,22,1,1,1
55,3,676,514,45,24,1,1,1
55,4,877,559,38,24,1,1,1
55,5,871,544,37,25,1,1,1
55,6,1008,491,36,23,1,1,1
55,7,1266,426,45,27,1,1,1
55,8,1296,477,39,22,1,1,1
55,9,1360,447,52,26,1,1,1
56,1,542,550,46,26,1,1,1
56,2,629,509,40,22,1,1,1
56,3,677,517,46,24,1,1,1
56,4,877,563,38,23,1,1,1
56,5,871,547,37,25,1,1,1
56,6,1008,490,36,23,1,1,1
56,7,1265,422,45,28,1,1,1
56,8,1295,473,39,23,1,1,1
56,9,1357,443,52,26,1,1,1
57,1,544,555,46,26,1,1,1
57,2,631,513,40,22,1,1,1
57,3,679,521,45,24,1,1,1
57,4,877,565,38,24,1,1,1
57,5,870,550,38,25,1,1,1
57,6,1007,488,36,23,1,1,1
57,7,1265,418,44,27,1,1,1
57,8,1295,470,38,22,1,1,1
57,9,1354,438,52,26,1,1,1
58,1,548,565,46,25,1,1,1
58,2,634,521,40,22,1,1,1
58,3,682,528,45,24,1,1,1
58,4,876,571,38,24,1,1,1
58,5,870,555,39,25,1,1,1
58,6,1006,486,35,23,1,1,1
58,7,1263,410,45,29,1,1,1
58,8,1293,463,39,22,1,1,1
58,9,1349,429,51,26,1,1,1
59,1,550,570,46,25,1,1,1
59,2,636,525,39,22,1,1,1
59,3,684,531,44,25,1,1,1
59,4,876,574,38,23,1,1,1
59,5,869,558,40,25,1,1,1
59,6,1006,485,35,23,1,1,1
59,7,1263,407,44,29,1,1,1
59,8,1293,459,38,23,1,1,1
59,9,1346,425,52,26,1,1,1
60,1,552,575,46,25,1,1,1
60,2,637,529,39,21,1,1,1
60,3,686,535,44,24,1,1,1
60,4,876,577,37,23,1,1,1
60,5,869,560,40,25,1,1,1
60,6,1005,485,35,22,1,1,1
60,7,1262,404,44,29,1,1,1
60,8,1292,456,38,22,1,1,1
60,9,1344,421,51,27,1,1,1
61,1,554,580,46,25,1,1,1
61,2,639,532,39,22,1,1,1
61,3,687,538,45,24,1,1,1
61,4,875,580,38,23,1,1,1
61,5,869,563,40,25,1,1,1
61,6,1004,484,36,23,1,1,1
61,7,1261,401,45,30,1,1,1
61,8,1292,452,37,23,1,1,1
61,9,1341,418,51,27,1,1,1
62,1,558,590,45,25,1,1,1
62,2,642,540,37,21,1,1,1
62,3,691,545,44,24,1,1,1
62,4,874,585,38,24,1,1,1
62,5,869,568,41,25,1,1,1
62,6,1003,484,35,22,1,1,1
62,7,1259,396,45,30,1,1,1
62,8,1290,446,38,22,1,1,1
62,9,1336,412,50,27,1,1,1
63,1,560,594,45,25,1,1,1
63,2,643,543,39,22,1,1,1
63,3,692,549,44,23,1,1,1
63,4,874,588,37,24,1,1,1
63,5,869,570,41,26,1,1,1
63,6,1003,484,35,22,1,1,1
63,7,1258,394,45,31,1,1,1
63,8,1290,443,37,23,1,1,1
63,9,1334,409,49,28,1,1,1
64,1,562,599,45,24,1,1,1
64,2,645,547,38,21,1,1,1
64,3,694,552,43,24,1,1,1
64,4,873,592,38,22,1,1,1
64,5,869,572,42,26,1,1,1
64,6,1002,484,35,22,1,1,1
64,7,1257,393,46,30,1,1,1
64,8,1289,441,37,23,1,1,1
64,9,1331,407,50,27,1,1,1
65,1,565,608,45,25,1,1,1
65,2,648,554,38,21,1,1,1
65,3,697,558,44,24,1,1,1
65,4,872,597,37,23,1,1,1
65,5,870,577,41,26,1,1,1
65,6,1001,485,35,22,1,1,1
65,7,1256,390,45,31,1,1,1
65,8,1287,436,38,23,1,1,1
65,9,1327,402,49,29,1,1,1
66,1,567,613,44,24,1,1,1
66,2,649,557,39,21,1,1,1
66,3,699,562,43,23,1,1,1
66,4,872,601,37,22,1,1,1
66,5,870,580,42,25,1,1,1
66,6,1001,486,34,21,1,1,1
66,7,1255,389,46,31,1,1,1
66,8,1287,434,37,23,1,1,1
66,9,1325,401,48,28,1,1,1
67,1,569,617,44,25,1,1,1
67,2,651,561,38,21,1,1,1
67,3,701,565,43,24,1,1,1
67,4,871,603,37,23,1,1,1
67,5,871,582,41,25,1,1,1
67,6,1000,486,34,22,1,1,1
67,7,1254,389,46,30,1,1,1
67,8,1286,432,37,23,1,1,1
67,9,1322,399,49,29,1,1,1
68,1,572,626,44,25,1,1,1
68,2,654,567,38,21,1,1,1
68,3,704,571,43,24,1,1,1
68,4,870,609,36,22,1,1,1
68,5,872,587,42,25,1,1,1
68,6,999,488,34,22,1,1,1
68,7,1252,388,47,30,1,1,1
68,8,1284,429,38,23,1,1,1
68,9,1319,397,47,28,1,1,1
69,1,574,631,43,25,1,1,1
69,2,656,571,38,21,1,1,1
69,3,706,575,42,23,1,1,1
69,4,869,612,36,22,1,1,1
69,5,873,589,41,25,1,1,1
69,6,999,489,34,22,1,1,1
69,7,1251,388,47,30,1,1,1
69,8,1283,427,38,24,1,1,1
69,9,1317,396,46,28,1,1,1
70,1,575,636,44,24,1,1,1
70,2,657,574,38,21,1,1,1
70,3,708,578,42,23,1,1,1
70,4,868,614,37,23,1,1,1
70,5,874,592,41,25,1,1,1
70,6,998,490,34,22,1,1,1
70,7,1250,388,47,30,1,1,1
70,8,1282,426,38,24,1,1,1
70,9,1315,396,46,28,1,1,1
71,1,577,640,43,25,1,1,1
71,2,659,578,38,20,1,1,1
71,3,710,581,41,23,1,1,1
71,4,867,617,37,23,1,1,1
71,5,875,594,41,25,1,1,1
71,6,998,492,33,22,1,1,1
71,7,1249,389,47,29,1,1,1
71,8,1281,425,38,24,1,1,1
71,9,1313,395,45,28,1,1,1
72,1,580,649,43,24,1,1,1
72,2,662,584,38,21,1,1,1
72,3,713,587,42,23,1,1,1
72,4,865,623,37,23,1,1,1
72,5,877,599,40,25,1,1,1
72,6,997,495,33,22,1,1,1
72,7,1247,390,47,29,1,1,1
72,8,1279,424,39,23,1,1,1
72,9,1310,396,43,27,1,1,1
73,1,581,653,43,24,1,1,1
73,2,664,587,37,21,1,1,1
73,3,715,590,41,23,1,1,1
73,4,878,600,37,23,1,1,1
73,5,878,601,40,25,1,1,1
73,6,997,496,33,22,1,1,1
73,7,1246,391,47,29,1,1,1
73,8,1279,423,38,24,1,1,1
73,9,1308,396,43,27,1,1,1
74,1,583,657,42,24,1,1,1
74,2,665,590,37,21,1,1,1
74,3,717,593,41,23,1,1,1
74,4,880,602,37,23,1,1,1
74,5,879,604,40,24,1,1,1
74,6,996,498,33,22,1,1,1
74,7,1246,392,46,29,1,1,1
74,8,1278,423,38,24,1,1,1
74,9,1306,396,43,27,1,1,1
75,1,584,662,43,24,1,1,1
75,2,667,593,37,21,1,1,1
75,3,718,596,41,23,1,1,1
75,4,880,602,37,23,1,1,1
75,5,880,607,40,23,1,1,1
75,6,996,500,33,22,1,1,1
75,7,1245,394,46,28,1,1,1
75,8,1277,423,38,24,1,1,1
75,9,1305,397,42,27,1,1,1
76,1,587,670,42,24,1,1,1
76,2,670,600,37,20,1,1,1
76,3,722,602,40,23,1,1,1
76,4,880,602,37,23,1,1,1
76,5,882,611,40,24,1,1,1
76,6,995,504,33,22,1,1,1
76,7,1243,397,46,28,1,1,1
76,8,1275,423,39,24,1,1,1
76,9,1302,399,40,26,1,1,1
77,1,588,674,43,24,1,1,1
77,2,672,603,36,20,1,1,1
77,3,723,605,41,23,1,1,1
77,4,884,613,37,23,1,1,1
77,5,883,613,40,24,1,1,1
77,6,994,507,33,22,1,1,1
77,7,1242,399,46,27,1,1,1
77,8,1274,424,39,23,1,1,1
77,9,1301,400,39,26,1,1,1
78,1,590,678,42,24,1,1,1
78,2,673,606,37,20,1,1,1
78,3,725,608,40,23,1,1,1
78,4,886,615,37,23,1,1,1
78,5,885,616,40,24,1,1,1
78,6,994,509,33,22,1,1,1
78,7,1241,401,46,28,1,1,1
78,8,1273,424,39,23,1,1,1
78,9,1299,402,39,25,1,1,1
79,1,591,682,42,24,1,1,1
79,2,675,609,36,20,1,1,1
79,3,727,611,40,22,1,1,1
79,4,888,619,37,23,1,1,1
79,5,886,618,40,24,1,1,1
79,6,994,511,32,22,1,1,1
79,7,1240,403,45,27,1,1,1
79,8,1272,425,39,23,1,1,1
79,9,1298,403,38,25,1,1,1
80,1,594,691,42,23,1,1,1
80,2,678,615,36,20,1,1,1
80,3,730,617,40,22,1,1,1
80,4,888,619,37,23,1,1,1
80,5,889,623,39,24,1,1,1
80,6,993,517,32,21,1,1,1
80,7,1237,408,46,27,1,1,1
80,8,1271,427,38,23,1,1,1
80,9,1296,407,37,25,1,1,1
81,1,595,695,42,23,1,1,1
81,2,680,618,36,20,1,1,1
81,3,732,620,39,22,1,1,1
81,4,891,625,37,23,1,1,1
81,5,890,625,39,24,1,1,1
81,6,992,519,33,22,1,1,1
81,7,1236,411,45,26,1,1,1
81,8,1270,428,38,23,1,1,1
81,9,1294,409,38,24,1,1,1
82,1,596,699,42,23,1,1,1
82,2,681,621,36,20,1,1,1
82,3,734,622,39,23,1,1,1
82,4,891,625,37,23,1,1,1
82,5,892,628,39,24,1,1,1
82,6,992,522,32,22,1,1,1
82,7,1235,414,45,26,1,1,1
82,8,1269,429,38,23,1,1,1
82,9,1293,411,37,24,1,1,1
83,1,599,706,41,24,1,1,1
83,2,684,626,36,21,1,1,1
83,3,737,628,38,22,1,1,1
83,4,895,633,37,23,1,1,1
83,5,849,662,39,24,1,1,1
83,6,991,528,32,21,1,1,1
83,7,1233,420,44,25,1,1,1
83,8,1267,432,38,22,1,1,1
83,9,1290,415,38,25,1,1,1
84,1,600,710,42,23,1,1,1
84,2,686,629,35,20,1,1,1
84,3,738,630,37,23,1,1,1
84,4,898,637,37,23,1,1,1
84,5,849,662,39,24,1,1,1
84,6,991,531,32,21,1,1,1
84,7,1232,423,44,25,1,1,1
84,8,1267,433,37,23,1,1,1
84,9,1288,417,38,25,1,1,1
85,1,601,714,42,23,1,1,1
85,2,687,632,35,20,1,1,1
85,3,740,633,38,22,1,1,1
85,4,898,638,37,23,1,1,1
85,5,847,667,39,24,1,1,1
85,6,991,534,32,21,1,1,1
85,7,1230,426,45,25,1,1,1
85,8,1266,435,37,22,1,1,1
85,9,1287,420,38,24,1,1,1
86,1,603,717,41,24,1,1,1
86,2,689,635,35,20,1,1,1
86,3,741,636,38,22,1,1,1
86,4,900,640,37,23,1,1,1
86,5,846,671,39,24,1,1,1
86,6,990,537,32,21,1,1,1
86,7,1229,429,44,25,1,1,1
86,8,1265,436,37,23,1,1,1
86,9,1285,422,39,25,1,1,1
87,1,605,725,41,23,1,1,1
87,2,692,640,34,20,1,1,1
87,3,745,641,37,22,1,1,1
87,4,903,645,37,23,1,1,1
87,5,844,676,39,24,1,1,1
87,6,990,544,31,21,1,1,1
87,7,1226,436,44,25,1,1,1
87,8,1263,440,37,23,1,1,1
87,9,1283,428,38,25,1,1,1
88,1,607,728,40,24,1,1,1
88,2,693,643,35,20,1,1,1
88,3,746,643,37,22,1,1,1
88,4,905,648,37,23,1,1,1
88,5,842,679,39,24,1,1,1
88,6,989,547,32,21,1,1,1
88,7,1225,440,44,24,1,1,1
88,8,1262,442,37,23,1,1,1
88,9,1282,431,38,24,1,1,1
89,1,608,732,40,23,1,1,1
89,2,695,645,34,20,1,1,1
89,3,748,646,37,22,1,1,1
89,4,907,650,37,23,1,1,1
89,5,841,682,39,24,1,1,1
89,6,989,550,32,21,1,1,1
89,7,1224,443,43,25,1,1,1
89,8,1261,444,37,23,1,1,1
89,9,1281,434,38,24,1,1,1
90,1,610,739,41,23,1,1,1
90,2,697,650,34,21,1,1,1
90,3,751,651,36,22,1,1,1
90,4,909,654,37,23,1,1,1
90,5,839,686,39,24,1,1,1
90,6,989,557,31,21,1,1,1
90,7,1221,451,43,24,1,1,1
90,8,1259,449,36,23,1,1,1
90,9,1279,441,38,24,1,1,1
91,1,611,742,41,23,1,1,1
91,2,699,653,34,20,1,1,1
91,3,752,653,36,22,1,1,1
91,4,910,658,37,23,1,1,1
91,5,837,690,39,24,1,1,1
91,6,988,561,32,20,1,1,1
91,7,1219,455,44,24,1,1,1
91,8,1258,453,36,21,1,1,1
91,9,1278,444,38,24,1,1,1
92,1,613,745,40,24,1,1,1
92,2,700,655,34,21,1,1,1
92,3,753,656,36,21,1,1,1
92,4,912,659,37,23,1,1,1
92,5,836,692,39,24,1,1,1
92,6,988,564,31,20,1,1,1
92,7,1218,459,43,24,1,1,1
92,8,1257,455,36,21,1,1,1
92,9,1277,448,38,24,1,1,1
93,1,615,752,40,23,1,1,1
93,2,703,661,33,20,1,1,1
93,3,756,660,36,22,1,1,1
93,4,916,664,37,23,1,1,1
93,5,834,696,39,24,1,1,1
93,6,987,571,32,21,1,1,1
93,7,1215,467,43,24,1,1,1
93,8,1254,460,37,22,1,1,1
93,9,1275,455,38,23,1,1,1
94,1,616,755,40,24,1,1,1
94,2,704,663,33,20,1,1,1
94,3,758,663,35,21,1,1,1
94,4,918,667,37,23,1,1,1
94,5,833,700,39,24,1,1,1
94,6,987,575,31,20,1,1,1
94,7,1214,471,43,24,1,1,1
94,8,1253,463,36,22,1,1,1
94,9,1274,459,38,23,1,1,1
95,1,618,758,39,24,1,1,1
95,2,706,665,32,21,1,1,1
95,3,759,665,35,22,1,1,1
95,4,919,669,37,23,1,1,1
95,5,832,702,39,24,1,1,1
95,6,987,579,31,20,1,1,1
95,7,1212,476,43,23,1,1,1
95,8,1252,466,35,21,1,1,1
95,9,1274,463,37,23,1,1,1
96,1,619,762,40,23,1,1,1
96,2,707,668,33,20,1,1,1
96,3,760,667,35,22,1,1,1
96,4,921,671,37,23,1,1,1
96,5,831,704,39,24,1,1,1
96,6,987,583,31,20,1,1,1
96,7,1211,480,43,24,1,1,1
96,8,1251,469,35,21,1,1,1
96,9,1273,467,38,23,1,1,1
97,1,621,768,40,23,1,1,1
97,2,709,673,32,20,1,1,1
97,3,763,672,34,22,1,1,1
97,4,924,675,37,23,1,1,1
97,5,830,709,39,24,1,1,1
97,6,986,590,31,20,1,1,1
97,7,1208,489,42,23,1,1,1
97,8,1249,475,35,21,1,1,1
97,9,1272,475,37,23,1,1,1
98,1,623,771,39,23,1,1,1
98,2,711,675,32,20,1,1,1
98,3,764,674,34,22,1,1,1
98,4,926,678,37,23,1,1,1
98,5,828,712,39,24,1,1,1
98,6,986,594,31,20,1,1,1
98,7,1206,494,43,23,1,1,1
98,8,1247,478,36,22,1,1,1
98,9,1271,479,38,23,1,1,1
99,1,624,774,39,23,1,1,1
99,2,712,677,32,21,1,1,1
99,3,765,676,34,22,1,1,1
99,4,928,680,37,23,1,1,1
99,5,827,714,39,24,1,1,1
99,6,986,598,30,20,1,1,1
99,7,1205,498,42,23,1,1,1
99,8,1246,481,35,22,1,1,1
99,9,1271,483,37,23,1,1,1
100,1,625,777,39,23,1,1,1
100,2,713,680,32,20,1,1,1
100,3,766,678,34,22,1,1,1
100,4,929,682,37,23,1,1,1
100,5,826,716,39,24,1,1,1
100,6,985,602,31,20,1,1,1
100,7,1203,503,42,23,1,1,1
100,8,1245,485,36,21,1,1,1
100,9,1271,487,36,23,1,1,1
101,1,627,783,39,23,1,1,1
101,2,715,685,32,19,1,1,1
101,3,769,683,33,22,1,1,1
101,4,932,686,37,23,1,1,1
101,5,824,720,39,24,1,1,1
101,6,985,610,31,20,1,1,1
101,7,1200,512,42,23,1,1,1
101,8,1243,492,35,21,1,1,1
101,9,1270,496,36,23,1,1,1
102,1,629,786,38,23,1,1,1
102,2,716,687,32,20,1,1,1
102,3,770,685,33,22,1,1,1
102,4,935,689,37,23,1,1,1
102,5,823,723,39,24,1,1,1
102,6,985,614,30,20,1,1,1
102,7,1198,517,42,23,1,1,1
102,8,1242,495,35,21,1,1,1
102,9,1269,500,37,23,1,1,1
103,1,630,789,39,24,1,1,1
103,2,718,689,31,20,1,1,1
103,3,771,687,33,22,1,1,1
103,4,936,691,37,23,1,1,1
103,5,822,725,39,24,1,1,1
103,6,984,618,31,20,1,1,1
103,7,1197,522,42,22,1,1,1
103,8,1240,499,36,21,1,1,1
103,9,1269,505,36,23,1,1,1
104,1,632,795,39,23,1,1,1
104,2,720,692,28,20,1,1,1
104,3,773,691,33,21,1,1,1
104,4,939,695,37,23,1,1,1
104,5,821,729,39,24,1,1,1
104,6,984,625,30,20,1,1,1
104,7,1194,530,41,23,1,1,1
104,8,1238,506,36,21,1,1,1
104,9,1268,514,37,22,1,1,1
105,1,633,798,39,23,1,1,1
105,2,721,694,30,20,1,1,1
105,3,774,694,31,21,1,1,1
105,4,941,697,37,23,1,1,1
105,5,820,732,39,24,1,1,1
105,6,984,629,30,20,1,1,1
105,7,1192,535,42,22,1,1,1
105,8,1237,510,35,20,1,1,1
105,9,1268,518,36,22,1,1,1
106,1,635,801,38,23,1,1,1
106,2,722,695,30,20,1,1,1
106,3,775,696,33,21,1,1,1
106,4,942,699,37,23,1,1,1
106,5,819,734,39,24,1,1,1
106,6,984,632,30,20,1,1,1
106,7,1190,539,42,23,1,1,1
106,8,1236,514,35,20,1,1,1
106,9,1268,523,36,22,1,1,1
107,1,637,806,38,23,1,1,1
107,2,724,698,30,19,1,1,1
107,3,777,700,32,21,1,1,1
107,4,945,703,37,23,1,1,1
107,5,818,737,39,24,1,1,1
107,6,983,640,30,20,1,1,1
107,7,1187,548,41,22,1,1,1
107,8,1233,522,35,20,1,1,1
107,9,1267,533,36,22,1,1,1
108,1,639,808,38,23,1,1,1
108,2,725,699,30,19,1,1,1
108,3,778,702,32,21,1,1,1
108,4,947,705,37,23,1,1,1
108,5,817,740,39,24,1,1,1
108,6,983,643,30,20,1,1,1
108,7,1185,552,41,22,1,1,1
108,8,1232,525,35,20,1,1,1
108,9,1267,537,36,22,1,1,1
109,1,640,810,38,23,1,1,1
109,2,726,699,30,20,1,1,1
109,3,779,704,32,21,1,1,1
109,4,949,707,37,23,1,1,1
109,5,816,741,39,24,1,1,1
109,6,983,646,30,20,1,1,1
109,7,1184,556,41,22,1,1,1
109,8,1231,529,35,20,1,1,1
109,9,1267,542,35,22,1,1,1
110,1,642,814,38,22,1,1,1
110,2,727,700,30,19,1,1,1
110,3,780,707,32,21,1,1,1
110,4,951,711,37,23,1,1,1
110,5,816,744,39,24,1,1,1
110,6,982,653,30,19,1,1,1
110,7,1180,563,41,23,1,1,1
110,8,1228,537,36,20,1,1,1
110,9,1267,551,35,22,1,1,1
111,1,644,815,37,22,1,1,1
111,2,728,700,30,19,1,1,1
111,3,781,709,32,20,1,1,1
111,4,953,713,37,23,1,1,1
111,5,815,745,39,24,1,1,1
111,6,982,656,30,20,1,1,1
111,7,1179,567,40,23,1,1,1
111,8,1227,541,35,20,1,1,1
111,9,1267,556,35,22,1,1,1
112,1,645,816,37,23,1,1,1
112,2,729,700,30,19,1,1,1
112,3,782,710,32,21,1,1,1
112,4,954,714,37,23,1,1,1
112,5,815,745,39,24,1,1,1
112,6,982,659,30,20,1,1,1
112,7,1177,571,41,22,1,1,1
112,8,1226,545,35,20,1,1,1
112,9,1267,560,34,22,1,1,1
113,1,647,818,37,23,1,1,1
113,2,731,700,28,19,1,1,1
113,3,784,712,31,20,1,1,1
113,4,957,718,37,23,1,1,1
113,5,815,747,39,24,1,1,1
113,6,981,665,30,19,1,1,1
113,7,1174,578,40,22,1,1,1
113,8,1223,553,35,20,1,1,1
113,9,1266,569,35,22,1,1,1
114,1,649,819,36,22,1,1,1
114,2,731,700,30,19,1,1,1
114,3,784,712,31,21,1,1,1
114,4,958,720,37,23,1,1,1
114,5,815,748,39,24,1,1,1
114,6,981,668,30,20,1,1,1
114,7,1172,582,40,22,1,1,1
114,8,1222,557,35,19,1,1,1
114,9,1266,574,35,21,1,1,1
115,1,650,819,36,23,1,1,1
115,2,732,699,30,19,1,1,1
115,3,785,713,31,21,1,1,1
115,4,959,722,37,23,1,1,1
115,5,815,749,39,24,1,1,1
115,6,981,671,30,19,1,1,1
115,7,1170,585,40,22,1,1,1
115,8,1221,560,35,20,1,1,1
115,9,1266,578,35,21,1,1,1
116,1,651,820,36,22,1,1,1
116,2,733,699,30,19,1,1,1
116,3,786,713,30,21,1,1,1
116,4,960,723,37,23,1,1,1
116,5,814,749,39,24,1,1,1
116,6,981,673,29,20,1,1,1
116,7,1169,588,40,22,1,1,1
116,8,1220,564,35,20,1,1,1
116,9,1266,582,34,21,1,1,1
117,1,654,820,35,22,1,1,1
117,2,735,697,29,19,1,1,1
117,3,787,714,30,21,1,1,1
117,4,963,726,37,23,1,1,1
117,5,814,750,39,24,1,1,1
117,6,980,679,30,19,1,1,1
117,7,1165,595,40,21,1,1,1
117,8,1217,572,35,19,1,1,1
117,9,1266,590,34,21,1,1,1
118,1,655,820,35,22,1,1,1
118,2,735,697,30,18,1,1,1
118,3,788,714,28,20,1,1,1
118,4,964,728,37,23,1,1,1
118,5,814,750,39,24,1,1,1
118,6,980,681,29,20,1,1,1
118,7,1164,598,39,21,1,1,1
118,8,1216,575,35,20,1,1,1
118,9,1266,594,34,21,1,1,1
119,1,656,819,35,23,1,1,1
119,2,736,696,30,18,1,1,1
119,3,788,713,30,21,1,1,1
119,4,965,729,37,23,1,1,1
119,5,814,749,39,24,1,1,1
119,6,980,684,29,19,1,1,1
119,7,1162,601,39,22,1,1,1
119,8,1215,579,34,20,1,1,1
119,9,1265,598,34,21,1,1,1
120,1,659,817,34,23,1,1,1
120,2,738,694,29,19,1,1,1
120,3,789,713,29,21,1,1,1
120,4,967,732,37,23,1,1,1
120,5,815,748,39,24,1,1,1
120,6,979,689,29,19,1,1,1
120,7,1159,607,39,21,1,1,1
120,8,1212,586,35,20,1,1,1
120,9,1265,606,34,21,1,1,1
121,1,660,817,34,22,1,1,1
121,2,738,693,30,19,1,1,1
121,3,789,712,30,20,1,1,1
121,4,968,733,37,23,1,1,1
121,5,815,748,39,24,1,1,1
121,6,979,691,29,19,1,1,1
121,7,1157,610,39,21,1,1,1
121,8,1211,590,35,19,1,1,1
121,9,1265,609,34,21,1,1,1
122,1,662,815,34,22,1,1,1
122,2,740,692,25,18,1,1,1
122,3,790,710,29,20,1,1,1
122,4,970,734,37,23,1,1,1
122,5,816,746,39,24,1,1,1
122,6,978,695,30,20,1,1,1
122,7,1154,615,38,22,1,1,1
122,8,1208,597,35,19,1,1,1
122,9,1265,617,33,21,1,1,1
123,1,663,813,33,23,1,1,1
123,2,741,691,29,19,1,1,1
123,3,790,708,29,22,1,1,1
123,4,971,734,37,23,1,1,1
123,5,816,745,39,24,1,1,1
123,6,978,698,29,19,1,1,1
123,7,1152,618,38,22,1,1,1
123,8,1207,600,35,19,1,1,1
123,9,1264,620,34,21,1,1,1
124,1,664,811,33,23,1,1,1
124,2,742,690,29,19,1,1,1
124,3,790,708,29,21,1,1,1
124,4,971,734,37,23,1,1,1
124,5,817,744,39,24,1,1,1
124,6,978,700,29,20,1,1,1
124,7,1151,621,38,21,1,1,1
124,8,1206,603,34,20,1,1,1
124,9,1264,623,34,21,1,1,1
125,1,666,809,32,24,1,1,1
125,2,742,690,30,18,1,1,1
125,3,791,706,29,20,1,1,1
125,4,971,735,37,23,1,1,1
125,5,817,744,39,24,1,1,1
125,6,978,702,29,19,1,1,1
125,7,1149,623,38,22,1,1,1
125,8,1204,606,35,20,1,1,1
125,9,1264,626,34,22,1,1,1
126,1,668,806,31,23,1,1,1
126,2,744,688,29,19,1,1,1
126,3,791,703,29,21,1,1,1
126,4,972,732,37,23,1,1,1
126,5,818,741,39,24,1,1,1
126,6,977,706,29,20,1,1,1
126,7,1146,628,38,22,1,1,1
126,8,1202,612,34,20,1,1,1
126,9,1264,633,34,21,1,1,1
127,1,669,803,31,24,1,1,1
127,2,745,687,29,19,1,1,1
127,3,791,700,29,22,1,1,1
127,4,973,708,37,23,1,1,1
127,5,819,739,39,24,1,1,1
127,6,977,709,29,19,1,1,1
127,7,1144,631,38,21,1,1,1
127,8,1201,616,34,19,1,1,1
127,9,1264,636,34,21,1,1,1
128,1,669,801,32,23,1,1,1
128,2,746,687,29,18,1,1,1
128,3,791,699,30,20,1,1,1
128,4,973,708,37,23,1,1,1
128,5,820,738,39,24,1,1,1
128,6,977,710,28,19,1,1,1
128,7,1143,634,37,21,1,1,1
128,8,1199,619,35,19,1,1,1
128,9,1263,639,35,21,1,1,1
129,1,671,797,31,23,1,1,1
129,2,747,686,29,18,1,1,1
129,3,791,694,30,22,1,1,1
129,4,973,708,37,23,1,1,1
129,5,820,736,39,24,1,1,1
129,6,976,714,29,20,1,1,1
129,7,1140,638,37,21,1,1,1
129,8,1197,624,34,19,1,1,1
129,9,1263,645,35,21,1,1,1
130,1,672,794,31,23,1,1,1
130,2,748,685,29,18,1,1,1
130,3,792,692,29,22,1,1,1
130,4,972,714,37,23,1,1,1
130,5,822,734,39,24,1,1,1
130,6,976,717,28,18,1,1,1
130,7,1139,641,36,21,1,1,1
130,8,1202,627,27,19,1,1,1
130,9,1263,648,34,21,1,1,1
131,1,673,791,31,23,1,1,1
131,2,749,684,29,18,1,1,1
131,3,792,689,29,22,1,1,1
131,4,971,715,37,23,1,1,1
131,5,823,732,39,24,1,1,1
131,6,975,719,29,19,1,1,1
131,7,1137,644,36,21,1,1,1
131,8,1194,630,34,19,1,1,1
131,9,1262,651,35,21,1,1,1
132,1,674,789,30,22,1,1,1
132,2,749,684,29,18,1,1,1
132,3,792,687,29,21,1,1,1
132,4,971,717,37,23,1,1,1
132,5,824,730,39,24,1,1,1
132,6,975,721,29,19,1,1,1
132,7,1136,645,36,22,1,1,1
132,8,1193,633,34,19,1,1,1
132,9,1262,653,35,22,1,1,1
133,1,675,783,31,22,1,1,1
133,2,751,682,29,18,1,1,1
133,3,792,682,29,21,1,1,1
133,4,971,717,37,23,1,1,1
133,5,826,727,39,24,1,1,1
133,6,975,725,28,19,1,1,1
133,7,1133,650,35,21,1,1,1
133,8,1190,638,34,19,1,1,1
133,9,1261,659,36,21,1,1,1
134,1,676,779,30,23,1,1,1
134,2,752,682,29,18,1,1,1
134,3,792,679,29,21,1,1,1
134,4,971,717,37,23,1,1,1
134,5,827,724,39,24,1,1,1
134,6,974,726,29,20,1,1,1
134,7,1132,652,35,22,1,1,1
134,8,1189,640,34,19,1,1,1
134,9,1261,661,35,21,1,1,1
135,1,677,776,30,23,1,1,1
135,2,753,681,26,18,1,1,1
135,3,792,677,29,20,1,1,1
135,4,971,717,37,23,1,1,1
135,5,828,722,39,24,1,1,1
135,6,974,728,29,20,1,1,1
135,7,1131,655,34,21,1,1,1
135,8,1188,643,33,19,1,1,1
135,9,1261,664,35,21,1,1,1
136,1,677,774,30,22,1,1,1
136,2,753,681,29,18,1,1,1
136,3,792,674,29,20,1,1,1
136,4,975,723,37,23,1,1,1
136,5,829,720,39,24,1,1,1
136,6,974,730,28,19,1,1,1
136,7,1129,657,35,21,1,1,1
136,8,1187,646,33,18,1,1,1
136,9,1260,666,36,22,1,1,1
137,1,678,767,30,21,1,1,1
137,2,755,679,29,18,1,1,1
137,3,792,668,29,20,1,1,1
137,4,970,731,37,23,1,1,1
137,5,830,716,39,24,1,1,1
137,6,973,733,29,20,1,1,1
137,7,1127,661,34,21,1,1,1
137,8,1184,650,33,19,1,1,1
137,9,1260,672,35,21,1,1,1
138,1,679,762,30,22,1,1,1
138,2,756,679,28,18,1,1,1
138,3,792,665,29,20,1,1,1
138,4,969,731,37,23,1,1,1
138,5,832,713,39,24,1,1,1
138,6,973,735,28,19,1,1,1
138,7,1125,663,34,21,1,1,1
138,8,1183,653,33,19,1,1,1
138,9,1259,674,36,21,1,1,1
139,1,680,760,29,21,1,1,1
139,2,757,678,28,18,1,1,1
139,3,792,662,29,20,1,1,1
139,4,968,733,37,23,1,1,1
139,5,833,710,39,24,1,1,1
139,6,973,736,28,19,1,1,1
139,7,1124,666,34,21,1,1,1
139,8,1182,655,33,19,1,1,1
139,9,1259,677,35,21,1,1,1
140,1,681,753,29,21,1,1,1
140,2,758,677,29,18,1,1,1
140,3,792,655,29,20,1,1,1
140,4,974,711,37,23,1,1,1
140,5,835,705,39,24,1,1,1
140,6,980,711,28,19,1,1,1
140,7,1122,670,33,21,1,1,1
140,8,1180,660,32,19,1,1,1
140,9,1258,681,35,21,1,1,1
141,1,681,749,30,21,1,1,1
141,2,759,676,27,18,1,1,1
141,3,792,652,29,20,1,1,1
141,4,974,711,37,23,1,1,1
141,5,837,702,39,24,1,1,1
141,6,978,711,28,19,1,1,1
141,7,1121,672,33,21,1,1,1
141,8,1179,662,32,19,1,1,1
141,9,1258,683,35,21,1,1,1
142,1,682,746,29,21,1,1,1
142,2,760,676,28,18,1,1,1
142,3,792,649,28,18,1,1,1
142,4,974,711,37,23,1,1,1
142,5,838,699,39,24,1,1,1
142,6,972,739,28,19,1,1,1
142,7,1120,674,33,21,1,1,1
142,8,1177,664,32,19,1,1,1
142,9,1257,685,35,21,1,1,1
143,1,682,743,30,20,1,1,1
143,2,761,675,28,17,1,1,1
143,3,792,645,28,20,1,1,1
143,4,967,738,37,23,1,1,1
143,5,839,697,39,24,1,1,1
143,6,972,740,27,19,1,1,1
143,7,1119,676,32,21,1,1,1
143,8,1176,667,32,18,1,1,1
143,9,1256,686,36,21,1,1,1
144,1,683,739,29,22,1,1,1
144,2,762,673,28,18,1,1,1
144,3,792,642,28,18,1,1,1
144,4,967,739,37,23,1,1,1
144,5,838,694,39,24,1,1,1
144,6,972,740,27,19,1,1,1
144,7,1117,678,33,21,1,1,1
144,8,1175,669,32,19,1,1,1
144,9,1256,687,35,22,1,1,1
145,1,683,733,30,21,1,1,1
145,2,763,671,28,17,1,1,1
145,3,792,635,28,19,1,1,1
145,4,967,739,37,23,1,1,1
145,5,842,689,39,24,1,1,1
145,6,972,741,27,19,1,1,1
145,7,1115,683,33,21,1,1,1
145,8,1173,673,31,19,1,1,1
145,9,1254,690,36,21,1,1,1
146,1,684,731,29,19,1,1,1
146,2,764,670,28,18,1,1,1
146,3,792,632,28,19,1,1,1
146,4,967,739,37,23,1,1,1
146,5,844,686,39,24,1,1,1
146,6,972,741,27,19,1,1,1
146,7,1114,685,33,21,1,1,1
146,8,1172,675,31,19,1,1,1
146,9,1254,690,35,21,1,1,1
147,1,684,728,30,20,1,1,1
147,2,765,669,28,17,1,1,1
147,3,791,628,28,20,1,1,1
147,4,967,739,37,23,1,1,1
147,5,845,683,39,24,1,1,1
147,6,972,741,27,19,1,1,1
147,7,1113,687,33,21,1,1,1
147,8,1171,677,31,19,1,1,1
147,9,1253,691,35,21,1,1,1
148,1,685,725,29,19,1,1,1
148,2,766,668,28,17,1,1,1
148,3,791,625,28,18,1,1,1
148,4,967,739,37,23,1,1,1
148,5,846,681,39,24,1,1,1
148,6,972,741,27,19,1,1,1
148,7,1112,689,32,21,1,1,1
148,8,1170,680,31,18,1,1,1
148,9,1252,692,35,20,1,1,1
149,1,686,719,29,21,1,1,1
149,2,768,666,27,17,1,1,1
149,3,791,619,28,18,1,1,1
149,4,967,738,37,23,1,1,1
149,5,848,676,39,24,1,1,1
149,6,974,686,27,19,1,1,1
149,7,1110,693,32,21,1,1,1
149,8,1167,684,31,19,1,1,1
149,9,1250,692,35,21,1,1,1
150,1,686,717,28,19,1,1,1
150,2,769,665,27,18,1,1,1
150,3,791,616,28,18,1,1,1
150,4,966,737,37,23,1,1,1
150,5,850,674,39,24,1,1,1
150,6,976,619,27,19,1,1,1
150,7,1109,695,32,21,1,1,1
150,8,1166,686,31,19,1,1,1
150,9,1249,692,35,21,1,1,1
151,1,687,711,29,20,1,1,1
151,2,770,664,28,18,1,1,1
151,3,791,610,27,18,1,1,1
151,4,967,736,37,23,1,1,1
151,5,852,669,39,24,1,1,1
151,6,976,619,27,19,1,1,1
151,7,1107,699,32,21,1,1,1
151,8,1164,690,31,19,1,1,1
151,9,1247,691,35,21,1,1,1
152,1,687,709,29,19,1,1,1
152,2,771,663,26,18,1,1,1
152,3,791,607,27,19,1,1,1
152,4,968,734,37,23,1,1,1
152,5,853,667,39,24,1,1,1
152,6,972,672,27,19,1,1,1
152,7,1107,700,31,21,1,1,1
152,8,1163,692,31,19,1,1,1
152,9,1246,691,35,20,1,1,1
153,1,688,706,29,20,1,1,1
153,2,772,663,27,17,1,1,1
153,3,791,604,27,19,1,1,1
153,4,968,733,37,23,1,1,1
153,5,854,665,39,24,1,1,1
153,6,972,735,28,19,1,1,1
153,7,1106,702,31,21,1,1,1
153,8,1162,694,31,19,1,1,1
153,9,1245,690,35,20,1,1,1
154,1,688,704,29,20,1,1,1
154,2,773,662,27,17,1,1,1
154,3,791,601,27,18,1,1,1
154,4,968,733,37,23,1,1,1
154,5,855,662,39,24,1,1,1
154,6,972,735,28,19,1,1,1
154,7,1105,703,31,21,1,1,1
154,8,1161,696,30,19,1,1,1
154,9,1244,689,35,21,1,1,1
155,1,689,699,29,20,1,1,1
155,2,774,660,23,18,1,1,1
155,3,791,596,26,18,1,1,1
155,4,968,730,37,23,1,1,1
155,5,858,659,39,24,1,1,1
155,6,972,731,29,20,1,1,1
155,7,1103,706,32,20,1,1,1
155,8,1160,700,29,19,1,1,1
155,9,1242,687,34,21,1,1,1
156,1,689,696,29,19,1,1,1
156,2,775,659,27,17,1,1,1
156,3,792,593,25,18,1,1,1
156,4,968,728,37,23,1,1,1
156,5,859,656,39,24,1,1,1
156,6,972,730,29,19,1,1,1
156,7,1103,707,31,20,1,1,1
156,8,1158,702,30,19,1,1,1
156,9,1240,686,35,21,1,1,1
157,1,690,694,29,19,1,1,1
157,2,776,658,27,17,1,1,1
157,3,791,590,26,18,1,1,1
157,4,968,726,37,23,1,1,1
157,5,861,654,39,24,1,1,1
157,6,972,728,29,19,1,1,1
157,7,1102,707,31,20,1,1,1
157,8,1161,703,26,19,1,1,1
157,9,1239,686,35,20,1,1,1
158,1,690,690,29,18,1,1,1
158,2,778,656,27,17,1,1,1
158,3,790,585,27,18,1,1,1
158,4,969,723,37,23,1,1,1
158,5,862,650,39,24,1,1,1
158,6,973,724,29,20,1,1,1
158,7,1101,708,30,20,1,1,1
158,8,1156,706,29,18,1,1,1
158,9,1236,684,35,20,1,1,1
159,1,691,688,29,19,1,1,1
159,2,779,655,26,17,1,1,1
159,3,790,583,27,17,1,1,1
159,4,969,721,37,23,1,1,1
159,5,864,648,39,24,1,1,1
159,6,973,723,29,19,1,1,1
159,7,1100,708,31,20,1,1,1
159,8,1155,707,29,18,1,1,1
159,9,1235,683,35,20,1,1,1
160,1,691,685,29,19,1,1,1
160,2,780,654,26,17,1,1,1
160,3,790,580,27,17,1,1,1
160,4,968,719,37,23,1,1,1
160,5,865,646,39,24,1,1,1
160,6,974,720,24,20,1,1,1
160,7,1099,708,31,20,1,1,1
160,8,1154,708,29,18,1,1,1
160,9,1234,682,34,20,1,1,1
161,1,692,683,26,19,1,1,1
161,2,780,653,27,17,1,1,1
161,3,790,578,27,17,1,1,1
161,4,969,717,37,23,1,1,1
161,5,867,644,39,24,1,1,1
161,6,974,718,29,20,1,1,1
161,7,1099,708,30,20,1,1,1
161,8,1156,708,26,19,1,1,1
161,9,1233,682,34,20,1,1,1
162,1,692,679,29,19,1,1,1
162,2,782,652,26,17,1,1,1
162,3,790,574,27,18,1,1,1
162,4,971,713,37,23,1,1,1
162,5,868,641,39,24,1,1,1
162,6,975,714,29,19,1,1,1
162,7,1098,707,30,20,1,1,1
162,8,1152,709,29,19,1,1,1
162,9,1230,680,34,20,1,1,1
163,1,693,677,28,18,1,1,1
163,2,783,651,26,17,1,1,1
163,3,790,572,27,18,1,1,1
163,4,971,710,37,23,1,1,1
163,5,870,638,39,24,1,1,1
163,6,975,713,29,18,1,1,1
163,7,1097,707,30,19,1,1,1
163,8,1151,710,29,18,1,1,1
163,9,1229,679,34,20,1,1,1
164,1,693,675,29,18,1,1,1
164,2,784,651,26,17,1,1,1
164,3,790,570,27,19,1,1,1
164,4,970,707,37,23,1,1,1
164,5,871,637,39,24,1,1,1
164,7,1097,706,29,20,1,1,1
164,8,1151,710,28,18,1,1,1
164,9,1227,678,34,20,1,1,1
165,1,693,672,29,19,1,1,1
165,2,784,651,27,16,1,1,1
165,3,790,569,26,18,1,1,1
165,4,972,705,37,23,1,1,1
165,5,872,635,39,24,1,1,1
165,7,1096,705,30,20,1,1,1
165,8,1150,710,28,18,1,1,1
165,9,1226,678,34,20,1,1,1
166,1,694,668,29,19,1,1,1
166,2,786,649,26,17,1,1,1
166,3,790,566,25,18,1,1,1
166,4,973,700,37,23,1,1,1
166,5,874,632,39,24,1,1,1
166,7,1095,703,29,20,1,1,1
166,8,1149,709,27,19,1,1,1
166,9,1223,676,34,20,1,1,1
167,1,695,666,28,19,1,1,1
167,2,787,648,26,17,1,1,1
167,3,790,564,26,17,1,1,1
167,4,972,697,37,23,1,1,1
167,5,875,630,39,24,1,1,1
167,7,1095,702,29,20,1,1,1
167,8,1148,709,28,18,1,1,1
167,9,1222,676,34,20,1,1,1
168,1,695,664,29,19,1,1,1
168,2,788,648,22,16,1,1,1
168,3,790,563,26,18,1,1,1
168,4,974,695,37,23,1,1,1
168,5,876,628,39,24,1,1,1
168,7,1094,702,29,19,1,1,1
168,8,1147,708,28,19,1,1,1
168,9,1221,675,33,20,1,1,1
169,1,695,662,29,19,1,1,1
169,2,789,646,25,17,1,1,1
169,3,790,562,25,17,1,1,1
169,4,975,692,37,23,1,1,1
169,5,877,626,39,24,1,1,1
169,7,1094,700,29,20,1,1,1
169,8,1147,708,27,18,1,1,1
169,9,1219,674,34,20,1,1,1
170,1,696,658,29,19,1,1,1
170,2,790,644,26,17,1,1,1
170,3,790,559,26,18,1,1,1
170,4,976,688,37,23,1,1,1
170,5,878,623,39,24,1,1,1
170,7,1093,698,29,19,1,1,1
170,8,1148,706,25,18,1,1,1
170,9,1216,673,34,20,1,1,1
171,1,697,656,28,19,1,1,1
171,2,791,643,25,17,1,1,1
171,3,790,558,26,18,1,1,1
171,4,977,684,37,23,1,1,1
171,5,879,621,39,24,1,1,1
171,7,1095,696,26,20,1,1,1
171,8,1145,705,27,18,1,1,1
171,9,1215,672,33,20,1,1,1
172,1,697,654,28,19,1,1,1
172,2,792,642,25,17,1,1,1
172,3,790,557,24,18,1,1,1
172,4,978,682,37,23,1,1,1
172,5,881,619,39,24,1,1,1
172,7,1092,695,29,19,1,1,1
172,8,1144,704,27,18,1,1,1
172,9,1214,672,33,19,1,1,1
173,1,698,651,28,18,1,1,1
173,2,793,640,25,17,1,1,1
173,3,790,556,26,17,1,1,1
173,4,979,678,37,23,1,1,1
173,5,882,616,39,24,1,1,1
173,7,1091,691,29,19,1,1,1
173,8,1143,701,27,18,1,1,1
173,9,1211,670,33,20,1,1,1
174,1,698,649,29,18,1,1,1
174,2,794,639,25,16,1,1,1
174,3,790,555,24,18,1,1,1
174,4,979,675,37,23,1,1,1
174,5,882,616,39,24,1,1,1
174,7,1091,689,28,20,1,1,1
174,8,1143,699,26,18,1,1,1
174,9,1209,669,33,19,1,1,1
175,1,699,647,28,18,1,1,1
175,2,797,637,23,17,1,1,1
175,3,790,555,25,17,1,1,1
175,4,980,673,37,23,1,1,1
175,5,883,612,39,24,1,1,1
175,7,1091,688,28,19,1,1,1
175,8,1142,698,27,18,1,1,1
175,9,1208,668,33,20,1,1,1
176,1,699,645,25,18,1,1,1
176,2,795,636,23,16,1,1,1
176,3,790,554,24,18,1,1,1
176,4,978,671,37,23,1,1,1
176,5,883,612,39,24,1,1,1
176,7,1090,686,28,19,1,1,1
176,8,1142,696,26,18,1,1,1
176,9,1207,667,32,19,1,1,1
177,1,700,641,28,18,1,1,1
177,2,797,633,25,16,1,1,1
177,3,790,554,27,17,1,1,1
177,4,981,667,37,23,1,1,1
177,5,885,607,39,24,1,1,1
177,7,1089,682,28,19,1,1,1
177,8,1141,692,26,18,1,1,1
177,9,1204,664,32,19,1,1,1
178,1,700,639,29,18,1,1,1
178,2,797,631,25,17,1,1,1
178,3,790,554,27,17,1,1,1
178,4,982,664,37,23,1,1,1
178,5,885,607,39,24,1,1,1
178,7,1089,681,28,19,1,1,1
178,8,1142,690,25,19,1,1,1
178,9,1202,662,33,20,1,1,1
179,1,701,637,28,18,1,1,1
179,2,798,629,25,17,1,1,1
179,3,790,553,27,18,1,1,1
179,4,983,662,37,23,1,1,1
179,5,886,603,39,24,1,1,1
179,7,1089,679,27,19,1,1,1
179,8,1140,688,26,18,1,1,1
179,9,1201,661,32,19,1,1,1
180,1,702,632,28,18,1,1,1
180,2,800,626,24,17,1,1,1
180,3,790,552,27,18,1,1,1
180,4,984,659,37,23,1,1,1
180,5,888,599,39,24,1,1,1
180,7,1088,675,28,19,1,1,1
180,8,1139,683,26,18,1,1,1
180,9,1198,658,32,19,1,1,1
181,1,702,630,29,18,1,1,1
181,2,800,624,24,16,1,1,1
181,3,790,552,27,17,1,1,1
181,4,985,657,37,23,1,1,1
181,5,888,599,39,24,1,1,1
181,7,1088,674,27,19,1,1,1
181,8,1139,681,26,18,1,1,1
181,9,1197,657,31,19,1,1,1
182,1,703,626,29,18,1,1,1
182,2,801,620,24,16,1,1,1
182,3,791,550,25,18,1,1,1
182,4,986,653,37,23,1,1,1
182,5,889,595,39,24,1,1,1
182,7,1087,671,27,18,1,1,1
182,8,1138,676,26,18,1,1,1
182,9,1194,655,31,19,1,1,1
183,1,704,623,28,19,1,1,1
183,2,802,618,21,16,1,1,1
183,3,791,549,25,18,1,1,1
183,4,987,651,37,23,1,1,1
183,5,889,595,39,24,1,1,1
183,7,1086,669,28,19,1,1,1
183,8,1138,673,25,18,1,1,1
183,9,1193,655,31,18,1,1,1
184,1,704,621,29,18,1,1,1
184,2,803,615,23,17,1,1,1
184,3,791,548,27,18,1,1,1
184,4,987,649,37,23,1,1,1
184,5,889,591,39,24,1,1,1
184,7,1086,668,28,18,1,1,1
184,8,1137,671,26,18,1,1,1
184,9,1191,654,31,19,1,1,1
185,1,709,617,25,18,1,1,1
185,2,804,611,22,17,1,1,1
185,3,792,547,26,17,1,1,1
185,4,988,646,37,23,1,1,1
185,5,891,587,39,24,1,1,1
185,7,1085,664,28,19,1,1,1
185,8,1136,665,26,18,1,1,1
185,9,1188,652,31,19,1,1,1
186,1,706,614,29,18,1,1,1
186,2,804,609,23,15,1,1,1
186,3,792,546,26,17,1,1,1
186,4,990,644,37,23,1,1,1
186,5,943,555,25,17,1,1,1
186,7,1085,663,28,18,1,1,1
186,8,1136,663,26,17,1,1,1
186,9,1187,651,31,19,1,1,1
187,1,707,612,28,18,1,1,1
187,2,804,606,23,17,1,1,1
187,3,792,545,27,17,1,1,1
187,4,990,642,37,23,1,1,1
187,5,997,513,25,17,1,1,1
187,7,1085,661,27,19,1,1,1
187,8,1136,660,26,18,1,1,1
187,9,1186,650,31,19,1,1,1
188,1,707,610,29,18,1,1,1
188,2,804,604,23,15,1,1,1
188,3,792,544,27,17,1,1,1
188,4,990,640,37,23,1,1,1
188,5,997,513,25,17,1,1,1
188,7,1084,659,28,19,1,1,1
188,8,1135,658,26,17,1,1,1
188,9,1190,649,25,19,1,1,1
189,1,708,605,24,18,1,1,1
189,2,805,599,22,17,1,1,1
189,3,793,543,26,17,1,1,1
189,4,991,637,37,23,1,1,1
189,5,997,513,25,17,1,1,1
189,7,1084,655,27,19,1,1,1
189,8,1135,653,25,17,1,1,1
189,9,1182,647,30,18,1,1,1
190,1,709,603,29,18,1,1,1
190,2,805,596,23,15,1,1,1
190,3,793,542,23,18,1,1,1
190,4,993,635,37,23,1,1,1
190,5,997,513,25,17,1,1,1
190,7,1083,653,28,19,1,1,1
190,8,1134,650,26,18,1,1,1
190,9,1181,645,30,18,1,1,1
191,1,710,598,24,18,1,1,1
191,2,805,591,24,17,1,1,1
191,3,794,541,26,17,1,1,1
191,4,994,632,37,23,1,1,1
191,5,997,513,25,17,1,1,1
191,7,1083,649,27,19,1,1,1
191,8,1133,646,26,17,1,1,1
191,9,1178,643,30,18,1,1,1
192,1,711,596,29,18,1,1,1
192,2,806,588,23,16,1,1,1
192,3,794,541,26,17,1,1,1
192,4,995,630,37,23,1,1,1
192,5,997,513,25,17,1,1,1
192,7,1082,647,28,19,1,1,1
192,8,1133,644,26,17,1,1,1
192,9,1177,642,30,18,1,1,1
193,1,713,591,24,18,1,1,1
193,2,806,583,23,16,1,1,1
193,3,795,539,26,17,1,1,1
193,4,996,627,37,23,1,1,1
193,5,997,513,25,17,1,1,1
193,7,1082,643,27,18,1,1,1
193,8,1132,639,26,17,1,1,1
193,9,1179,640,25,18,1,1,1
194,1,713,589,29,18,1,1,1
194,2,806,581,24,17,1,1,1
194,3,795,539,26,17,1,1,1
194,4,996,625,37,23,1,1,1
194,5,997,513,25,17,1,1,1
194,7,1081,641,28,18,1,1,1
194,8,1132,637,26,17,1,1,1
194,9,1173,640,30,18,1,1,1
195,1,714,587,29,18,1,1,1
195,2,806,578,24,17,1,1,1
195,3,796,538,25,17,1,1,1
195,4,997,623,37,23,1,1,1
195,5,997,513,25,17,1,1,1
195,7,1081,638,27,18,1,1,1
195,8,1132,635,26,17,1,1,1
195,9,1172,639,30,18,1,1,1
196,1,715,585,28,18,1,1,1
196,2,806,576,24,17,1,1,1
196,3,796,537,26,17,1,1,1
196,4,997,622,37,23,1,1,1
196,5,997,513,25,17,1,1,1
196,7,1081,636,27,19,1,1,1
196,8,1131,633,26,17,1,1,1
196,9,1171,638,29,18,1,1,1
197,1,716,580,29,18,1,1,1
197,2,806,571,24,17,1,1,1
197,3,797,536,25,17,1,1,1
197,4,998,618,37,23,1,1,1
197,5,997,513,25,17,1,1,1
197,7,1080,632,27,18,1,1,1
197,8,1131,629,25,17,1,1,1
197,9,1169,636,29,18,1,1,1
198,1,717,578,29,18,1,1,1
198,2,806,569,24,17,1,1,1
198,3,797,536,26,16,1,1,1
198,4,999,616,37,23,1,1,1
198,5,997,513,25,17,1,1,1
198,7,1080,630,27,18,1,1,1
198,8,1130,627,26,17,1,1,1
198,9,1168,635,29,18,1,1,1
199,1,718,576,29,17,1,1,1
199,2,806,566,24,17,1,1,1
199,3,798,535,25,17,1,1,1
199,4,1000,614,37,23,1,1,1
199,7,1079,627,27,19,1,1,1
199,8,1130,625,26,16,1,1,1
199,9,1167,633,28,18,1,1,1
200,1,719,571,24,18,1,1,1
200,2,799,534,24,17,1,1,1
200,3,798,534,26,17,1,1,1
200,4,1000,611,37,23,1,1,1
200,7,1079,623,26,18,1,1,1
200,8,1129,621,26,17,1,1,1
200,9,1165,631,28,17,1,1,1
201,1,720,569,29,18,1,1,1
201,2,799,534,24,17,1,1,1
201,3,799,534,25,16,1,1,1
201,4,1001,608,37,23,1,1,1
201,7,1078,621,27,18,1,1,1
201,8,1129,619,25,17,1,1,1
201,9,1164,629,28,18,1,1,1
202,1,721,567,29,18,1,1,1
202,2,799,534,24,17,1,1,1
202,3,805,557,25,16,1,1,1
202,4,1001,607,37,23,1,1,1
202,7,1078,618,27,18,1,1,1
202,8,1129,617,25,17,1,1,1
202,9,1163,628,28,18,1,1,1
203,1,723,563,28,17,1,1,1
203,2,806,553,24,16,1,1,1
203,3,813,584,25,16,1,1,1
203,4,1002,604,37,23,1,1,1
203,7,1077,614,27,18,1,1,1
203,8,1128,613,26,17,1,1,1
203,9,1161,625,28,18,1,1,1
204,1,724,561,27,17,1,1,1
204,2,814,584,24,16,1,1,1
204,3,813,584,25,16,1,1,1
204,4,1002,602,37,23,1,1,1
204,7,1077,611,27,18,1,1,1
204,8,1131,611,22,17,1,1,1
204,9,1160,624,28,18,1,1,1
205,1,725,559,28,17,1,1,1
205,2,806,548,24,15,1,1,1
205,3,813,584,25,16,1,1,1
205,4,1002,600,37,23,1,1,1
205,7,1080,609,23,18,1,1,1
205,8,1127,609,26,17,1,1,1
205,9,1159,623,28,17,1,1,1
206,1,726,555,29,17,1,1,1
206,2,806,544,24,16,1,1,1
206,3,813,584,25,16,1,1,1
206,4,1002,597,37,23,1,1,1
206,7,1076,605,27,17,1,1,1
206,8,1126,606,26,17,1,1,1
206,9,1157,620,28,17,1,1,1
207,1,727,553,22,17,1,1,1
207,2,806,542,24,16,1,1,1
207,3,813,584,25,16,1,1,1
207,4,1003,594,37,23,1,1,1
207,7,1076,603,26,17,1,1,1
207,8,1126,604,26,17,1,1,1
207,9,1157,618,27,18,1,1,1
208,1,728,551,24,16,1,1,1
208,2,806,540,24,15,1,1,1
208,3,813,584,25,16,1,1,1
208,4,1004,593,37,23,1,1,1
208,7,1075,600,27,18,1,1,1
208,8,1126,602,25,17,1,1,1
208,9,1156,617,27,17,1,1,1
209,1,730,547,28,16,1,1,1
209,2,806,535,24,16,1,1,1
209,3,813,584,25,16,1,1,1
209,4,1004,589,37,23,1,1,1
209,7,1075,596,26,18,1,1,1
209,8,1125,599,26,16,1,1,1
209,9,1154,614,27,18,1,1,1
210,1,731,544,28,17,1,1,1
210,2,809,533,20,16,1,1,1
210,3,813,584,25,16,1,1,1
210,4,1004,586,37,23,1,1,1
210,7,1074,594,27,17,1,1,1
210,8,1128,597,22,17,1,1,1
210,9,1156,613,24,17,1,1,1
211,1,733,540,28,17,1,1,1
211,2,806,529,23,15,1,1,1
211,3,813,584,25,16,1,1,1
211,4,1004,583,37,23,1,1,1
211,7,1077,589,23,18,1,1,1
211,8,1124,594,25,16,1,1,1
211,9,1152,610,26,18,1,1,1
212,1,734,539,27,16,1,1,1
212,2,806,528,20,14,1,1,1
212,3,813,584,25,16,1,1,1
212,4,1004,582,37,23,1,1,1
212,7,1073,587,26,18,1,1,1
212,8,1127,592,22,17,1,1,1
212,9,1151,609,26,17,1,1,1
213,1,735,537,27,16,1,1,1
213,2,810,525,16,15,1,1,1
213,3,813,584,25,16,1,1,1
213,4,1004,580,37,23,1,1,1
213,7,1073,585,26,17,1,1,1
213,8,1123,591,26,16,1,1,1
213,9,1151,608,25,17,1,1,1
214,1,737,533,27,16,1,1,1
214,2,805,521,22,15,1,1,1
214,4,1004,577,37,23,1,1,1
214,7,1072,581,26,17,1,1,1
214,8,1123,588,25,16,1,1,1
214,9,1149,605,26,17,1,1,1
215,1,737,531,28,16,1,1,1
215,2,805,519,23,14,1,1,1
215,4,1005,575,37,23,1,1,1
215,7,1072,579,26,17,1,1,1
215,8,1122,586,25,17,1,1,1
215,9,1149,604,25,17,1,1,1
216,1,739,527,28,16,1,1,1
216,2,808,515,20,15,1,1,1
216,4,1006,571,37,23,1,1,1
216,7,1071,575,26,17,1,1,1
216,8,1122,584,25,16,1,1,1
216,9,1148,601,25,16,1,1,1
217,1,740,525,23,17,1,1,1
217,2,805,513,23,15,1,1,1
217,4,1005,569,37,23,1,1,1
217,7,1071,573,26,17,1,1,1
217,8,1121,583,25,16,1,1,1
217,9,1147,600,25,17,1,1,1
218,1,741,523,27,15,1,1,1
218,2,807,510,20,16,1,1,1
218,4,1004,567,37,23,1,1,1
218,7,1071,570,25,17,1,1,1
218,8,1121,581,24,15,1,1,1
218,9,1146,598,25,17,1,1,1
219,1,743,519,27,17,1,1,1
219,2,804,507,23,15,1,1,1
219,4,1004,565,37,23,1,1,1
219,7,1070,566,26,17,1,1,1
219,8,1120,579,25,16,1,1,1
219,9,1145,596,25,16,1,1,1
220,1,744,518,27,16,1,1,1
220,2,804,505,23,15,1,1,1
220,4,1004,562,37,23,1,1,1
220,7,1070,564,25,17,1,1,1
220,8,1120,578,24,15,1,1,1
220,9,1145,594,24,17,1,1,1
221,1,746,514,27,16,1,1,1
221,2,804,501,22,15,1,1,1
221,4,1004,559,37,23,1,1,1
221,7,1069,560,26,17,1,1,1
221,8,1119,576,25,16,1,1,1
221,9,1145,592,23,16,1,1,1
222,1,751,512,17,16,1,1,1
222,2,810,517,22,15,1,1,1
222,4,1004,556,37,23,1,1,1
222,7,1069,558,25,17,1,1,1
222,8,1119,575,24,16,1,1,1
222,9,1143,591,25,17,1,1,1
223,1,747,510,26,17,1,1,1
223,2,810,516,22,15,1,1,1
223,4,1003,556,37,23,1,1,1
223,7,1069,557,25,16,1,1,1
223,8,1119,574,24,16,1,1,1
223,9,1143,589,24,17,1,1,1
224,1,749,507,27,16,1,1,1
224,2,810,516,22,15,1,1,1
224,4,1003,553,37,23,1,1,1
224,7,1068,553,25,17,1,1,1
224,8,1118,572,24,16,1,1,1
224,9,1142,587,24,16,1,1,1
225,1,750,505,27,16,1,1,1
225,2,810,515,22,15,1,1,1
225,4,1003,551,37,23,1,1,1
225,7,1068,551,25,16,1,1,1
225,8,1118,571,24,16,1,1,1
225,9,1141,586,25,17,1,1,1
226,1,752,502,26,16,1,1,1
226,2,803,488,22,15,1,1,1
226,4,1003,549,37,23,1,1,1
226,7,1067,547,25,17,1,1,1
226,8,1119,569,22,16,1,1,1
226,9,1141,583,24,17,1,1,1
227,1,753,500,26,16,1,1,1
227,2,803,486,22,14,1,1,1
227,4,1004,546,37,23,1,1,1
227,7,1067,545,25,17,1,1,1
227,8,1119,569,22,16,1,1,1
227,9,1140,582,24,17,1,1,1
228,1,754,497,25,16,1,1,1
228,2,803,483,21,14,1,1,1
228,4,1002,544,37,23,1,1,1
228,7,1066,542,25,16,1,1,1
228,8,1117,567,23,16,1,1,1
228,9,1139,580,24,17,1,1,1
229,1,755,495,26,16,1,1,1
229,2,803,481,21,15,1,1,1
229,4,1001,541,37,23,1,1,1
229,7,1066,540,25,16,1,1,1
229,8,1117,566,23,16,1,1,1
229,9,1139,579,24,16,1,1,1
230,1,757,491,26,17,1,1,1
230,2,803,477,18,16,1,1,1
230,4,1000,538,37,23,1,1,1
230,7,1066,536,24,16,1,1,1
230,8,1116,565,23,14,1,1,1
230,9,1138,577,24,16,1,1,1
231,1,758,490,25,16,1,1,1
231,2,803,476,20,14,1,1,1
231,4,1000,537,37,23,1,1,1
231,7,1065,534,25,17,1,1,1
231,8,1116,564,23,16,1,1,1
231,9,1138,575,24,17,1,1,1
232,1,759,486,26,17,1,1,1
232,2,803,472,21,15,1,1,1
232,4,1000,535,37,23,1,1,1
232,7,1065,531,24,16,1,1,1
232,8,1116,562,23,16,1,1,1
232,9,1137,573,24,17,1,1,1
233,1,760,485,25,16,1,1,1
233,2,803,471,21,15,1,1,1
233,4,999,533,37,23,1,1,1
233,7,1064,529,25,17,1,1,1
233,8,1116,562,22,14,1,1,1
233,9,1137,572,24,16,1,1,1
234,1,763,482,24,16,1,1,1
234,2,802,468,22,15,1,1,1
234,4,998,530,37,23,1,1,1
234,7,1064,526,24,16,1,1,1
234,8,1116,560,22,16,1,1,1
234,9,1136,570,24,16,1,1,1
235,1,762,480,22,16,1,1,1
235,2,802,466,20,15,1,1,1
235,4,998,528,37,23,1,1,1
235,7,1066,524,22,16,1,1,1
235,8,1115,559,23,16,1,1,1
235,9,1136,569,24,16,1,1,1
236,1,763,479,25,16,1,1,1
236,2,802,465,23,15,1,1,1
236,4,998,527,37,23,1,1,1
236,7,1063,522,25,17,1,1,1
236,8,1115,559,23,16,1,1,1
236,9,1135,568,24,16,1,1,1
237,1,764,476,25,16,1,1,1
237,2,802,462,23,15,1,1,1
237,4,998,524,37,23,1,1,1
237,7,1063,519,24,16,1,1,1
237,8,1115,557,22,16,1,1,1
237,9,1135,566,24,16,1,1,1
238,1,765,474,25,17,1,1,1
238,2,802,460,23,15,1,1,1
238,4,997,523,37,23,1,1,1
238,7,1063,517,24,17,1,1,1
238,8,1118,557,18,15,1,1,1
238,9,1135,565,23,16,1,1,1
239,1,767,471,24,17,1,1,1
239,2,802,457,20,16,1,1,1
239,4,997,520,37,23,1,1,1
239,7,1062,514,24,15,1,1,1
239,8,1114,555,23,16,1,1,1
239,9,1134,563,24,16,1,1,1
240,1,768,468,23,17,1,1,1
240,2,802,454,19,16,1,1,1
240,4,996,517,37,23,1,1,1
240,7,1062,511,24,16,1,1,1
240,8,1114,554,23,15,1,1,1
240,9,1133,561,24,16,1,1,1
241,1,769,467,23,17,1,1,1
241,2,802,453,22,16,1,1,1
241,4,996,516,37,23,1,1,1
241,7,1061,509,24,17,1,1,1
241,8,1114,553,22,15,1,1,1
241,9,1133,560,24,16,1,1,1
242,1,770,464,23,16,1,1,1
242,2,802,450,24,15,1,1,1
242,4,995,513,37,23,1,1,1
242,7,1061,506,24,16,1,1,1
242,8,1114,552,21,16,1,1,1
242,9,1132,558,24,16,1,1,1
243,1,770,463,23,15,1,1,1
243,2,806,449,20,15,1,1,1
243,4,994,511,37,23,1,1,1
243,7,1061,505,23,16,1,1,1
243,8,1114,552,22,15,1,1,1
243,9,1132,557,24,14,1,1,1
244,1,771,460,22,17,1,1,1
244,2,803,446,22,16,1,1,1
244,4,994,509,37,23,1,1,1
244,7,1060,501,24,17,1,1,1
244,8,1115,550,21,16,1,1,1
244,9,1132,555,23,16,1,1,1
245,1,771,459,23,16,1,1,1
245,2,803,445,23,15,1,1,1
245,4,992,507,37,23,1,1,1
245,7,1060,500,24,16,1,1,1
245,8,1114,550,22,15,1,1,1
245,9,1131,554,24,16,1,1,1
246,1,772,457,23,17,1,1,1
246,2,803,442,24,15,1,1,1
246,4,993,505,37,23,1,1,1
246,7,1060,497,23,16,1,1,1
246,8,1113,548,23,16,1,1,1
246,9,1131,552,24,16,1,1,1
247,1,772,456,23,16,1,1,1
247,2,804,441,23,15,1,1,1
247,4,993,503,37,23,1,1,1
247,7,1059,495,24,17,1,1,1
247,8,1116,548,20,15,1,1,1
247,9,1130,551,24,16,1,1,1
248,1,773,453,23,16,1,1,1
248,2,804,438,21,15,1,1,1
248,4,993,501,37,23,1,1,1
248,7,1059,492,23,16,1,1,1
248,8,1113,547,23,15,1,1,1
248,9,1130,549,24,16,1,1,1
249,1,773,452,23,16,1,1,1
249,2,804,437,24,15,1,1,1
249,4,992,500,37,23,1,1,1
249,7,1061,491,21,16,1,1,1
249,8,1113,546,21,16,1,1,1
249,9,1130,548,23,16,1,1,1
250,1,773,451,24,16,1,1,1
250,2,807,436,16,15,1,1,1
250,4,991,498,37,23,1,1,1
250,7,1059,490,23,16,1,1,1
250,8,1113,545,22,16,1,1,1
250,9,1129,547,24,16,1,1,1
251,1,774,449,23,16,1,1,1
251,2,805,433,22,15,1,1,1
251,4,991,495,37,23,1,1,1
251,7,1058,487,23,16,1,1,1
251,8,1113,544,22,15,1,1,1
251,9,1129,545,23,16,1,1,1
252,1,777,446,21,17,1,1,1
252,2,806,431,18,15,1,1,1
252,4,991,493,37,23,1,1,1
252,7,1059,484,22,16,1,1,1
252,8,1113,542,21,14,1,1,1
252,9,1128,543,24,16,1,1,1
253,1,774,445,24,16,1,1,1
253,2,806,429,23,16,1,1,1
253,4,990,491,37,23,1,1,1
253,7,1059,482,21,17,1,1,1
253,8,1113,541,21,14,1,1,1
253,9,1128,542,22,16,1,1,1
254,1,774,443,24,17,1,1,1
254,2,807,427,23,15,1,1,1
254,4,990,488,37,23,1,1,1
254,7,1057,480,23,15,1,1,1
254,8,1113,539,22,16,1,1,1
254,9,1127,541,24,15,1,1,1
255,1,774,442,25,17,1,1,1
255,2,807,426,23,15,1,1,1
255,4,990,487,37,23,1,1,1
255,7,1057,478,23,16,1,1,1
255,8,1113,538,22,14,1,1,1
255,9,1127,540,23,15,1,1,1
256,1,775,440,24,16,1,1,1
256,2,808,423,21,16,1,1,1
256,4,989,484,37,23,1,1,1
256,7,1057,476,22,16,1,1,1
256,8,1113,536,22,15,1,1,1
256,9,1126,538,24,16,1,1,1
257,1,775,439,24,16,1,1,1
257,2,809,422,23,15,1,1,1
257,4,989,483,37,23,1,1,1
257,7,1056,474,23,16,1,1,1
257,8,1113,535,22,15,1,1,1
257,9,1109,534,24,16,1,1,1
258,1,775,437,24,16,1,1,1
258,2,809,420,23,15,1,1,1
258,4,989,480,37,23,1,1,1
258,7,1056,472,23,16,1,1,1
258,8,1113,532,21,14,1,1,1
258,9,1125,535,24,16,1,1,1
259,1,775,436,24,16,1,1,1
259,2,810,419,23,15,1,1,1
259,4,989,478,37,23,1,1,1
259,7,1056,471,23,15,1,1,1
259,8,1113,531,21,15,1,1,1
259,9,1128,534,21,16,1,1,1
260,1,775,434,24,16,1,1,1
260,2,811,416,23,16,1,1,1
260,4,988,475,37,23,1,1,1
260,7,1055,469,23,16,1,1,1
260,8,1113,528,21,16,1,1,1
260,9,1124,533,24,15,1,1,1
261,1,775,434,24,15,1,1,1
261,2,811,415,23,15,1,1,1
261,4,987,473,37,23,1,1,1
261,7,1057,468,21,15,1,1,1
261,8,1112,527,22,15,1,1,1
261,9,1124,532,23,15,1,1,1
262,1,776,432,23,15,1,1,1
262,2,812,413,18,15,1,1,1
262,4,988,471,37,23,1,1,1
262,7,1057,465,20,17,1,1,1
262,8,1112,524,22,15,1,1,1
262,9,1123,530,24,15,1,1,1
263,1,777,431,22,16,1,1,1
263,2,813,412,18,15,1,1,1
263,4,988,469,37,23,1,1,1
263,7,1054,464,23,16,1,1,1
263,8,1112,523,22,14,1,1,1
263,9,1123,529,24,15,1,1,1
264,1,775,429,23,16,1,1,1
264,2,815,410,18,15,1,1,1
264,4,988,466,37,23,1,1,1
264,7,1056,462,21,16,1,1,1
264,8,1112,520,20,15,1,1,1
264,9,1122,527,24,15,1,1,1
265,1,778,428,20,16,1,1,1
265,2,814,409,23,15,1,1,1
265,4,987,465,37,23,1,1,1
265,7,1056,461,21,16,1,1,1
265,8,1111,518,23,15,1,1,1
265,9,1122,526,23,15,1,1,1
266,1,774,426,24,16,1,1,1
266,2,815,406,23,15,1,1,1
266,4,986,462,37,23,1,1,1
266,7,1053,459,23,16,1,1,1
266,8,1113,515,21,15,1,1,1
266,9,1121,523,24,16,1,1,1
267,1,774,425,21,16,1,1,1
267,2,816,405,22,15,1,1,1
267,4,986,460,37,23,1,1,1
267,7,1053,458,23,16,1,1,1
267,8,1111,512,23,15,1,1,1
267,9,1121,522,23,14,1,1,1
268,1,774,424,23,16,1,1,1
268,2,817,403,19,15,1,1,1
268,4,985,457,37,23,1,1,1
268,7,1052,456,24,17,1,1,1
268,8,1110,509,24,16,1,1,1
268,9,1120,520,24,15,1,1,1
269,1,774,423,23,16,1,1,1
269,2,837,429,19,15,1,1,1
269,4,987,456,37,23,1,1,1
269,7,1052,455,23,16,1,1,1
269,8,1110,508,24,15,1,1,1
269,9,1123,518,20,16,1,1,1
270,1,773,421,21,16,1,1,1
270,2,839,425,19,15,1,1,1
270,4,987,453,37,23,1,1,1
270,7,1052,454,23,15,1,1,1
270,8,1109,504,24,15,1,1,1
270,9,1119,516,23,15,1,1,1
271,1,773,420,23,16,1,1,1
271,2,819,398,22,15,1,1,1
271,4,987,451,37,23,1,1,1
271,7,1051,453,23,16,1,1,1
271,8,1109,502,24,14,1,1,1
271,9,1122,515,20,15,1,1,1
272,1,776,419,20,15,1,1,1
272,2,820,396,19,15,1,1,1
272,4,987,448,37,23,1,1,1
272,7,1051,451,23,16,1,1,1
272,8,1108,498,24,14,1,1,1
272,9,1118,512,23,15,1,1,1
273,1,772,418,23,15,1,1,1
273,2,821,395,22,15,1,1,1
273,4,987,447,37,23,1,1,1
273,7,1051,450,23,16,1,1,1
273,8,1108,496,24,15,1,1,1
273,9,1118,510,21,16,1,1,1
274,1,772,416,23,16,1,1,1
274,2,844,415,22,15,1,1,1
274,4,986,444,37,23,1,1,1
274,7,1053,448,20,16,1,1,1
274,8,1110,492,21,16,1,1,1
274,9,1108,490,21,16,1,1,1
275,1,771,414,23,16,1,1,1
275,2,841,412,22,15,1,1,1
275,4,986,441,37,23,1,1,1
275,7,1052,447,21,16,1,1,1
275,8,1110,489,21,14,1,1,1
275,9,1116,505,23,14,1,1,1
276,1,771,414,23,15,1,1,1
276,2,889,432,22,15,1,1,1
276,4,986,440,37,23,1,1,1
276,7,1049,446,23,16,1,1,1
276,8,1106,487,24,14,1,1,1
276,9,1116,504,23,15,1,1,1
277,1,771,413,22,15,1,1,1
277,2,890,431,22,15,1,1,1
277,4,987,438,37,23,1,1,1
277,7,1049,445,23,16,1,1,1
277,8,1106,485,24,15,1,1,1
277,9,1115,502,21,16,1,1,1
278,1,770,411,23,16,1,1,1
278,2,847,405,22,15,1,1,1
278,4,987,435,37,23,1,1,1
278,7,1048,443,24,16,1,1,1
278,8,1113,502,24,15,1,1,1
278,9,1107,481,21,16,1,1,1
279,1,770,410,23,16,1,1,1
279,2,848,403,22,15,1,1,1
279,4,986,434,37,23,1,1,1
279,7,1048,442,23,16,1,1,1
279,8,1113,498,24,15,1,1,1
279,9,1114,498,23,14,1,1,1
280,1,769,409,23,15,1,1,1
280,2,851,400,22,15,1,1,1
280,4,986,431,37,23,1,1,1
280,7,1048,441,23,16,1,1,1
280,8,1112,495,24,15,1,1,1
280,9,1114,495,21,15,1,1,1
281,1,771,407,20,15,1,1,1
281,2,892,424,22,15,1,1,1
281,4,987,428,37,23,1,1,1
281,7,1047,439,23,16,1,1,1
281,8,1112,495,24,15,1,1,1
281,9,1113,492,23,16,1,1,1
282,1,771,406,20,16,1,1,1
282,2,892,424,22,15,1,1,1
282,4,986,426,37,23,1,1,1
282,7,1047,438,23,16,1,1,1
282,8,1112,492,24,15,1,1,1
282,9,1113,491,22,14,1,1,1
283,1,768,404,22,16,1,1,1
283,2,892,422,22,15,1,1,1
283,4,986,424,37,23,1,1,1
283,7,1049,437,20,15,1,1,1
283,8,1112,492,24,15,1,1,1
283,9,1112,488,21,15,1,1,1
284,1,768,404,22,15,1,1,1
284,2,893,421,22,15,1,1,1
284,4,986,422,37,23,1,1,1
284,7,1046,436,20,15,1,1,1
284,8,1112,492,24,15,1,1,1
284,9,1112,487,22,15,1,1,1
285,1,767,402,22,15,1,1,1
285,2,893,419,22,15,1,1,1
285,4,987,420,37,23,1,1,1
285,7,1045,434,23,16,1,1,1
285,8,1112,492,24,15,1,1,1
285,9,1111,484,22,15,1,1,1
286,1,767,401,22,14,1,1,1
286,2,857,386,22,15,1,1,1
286,4,987,418,37,23,1,1,1
286,7,1045,434,23,15,1,1,1
286,8,1112,492,24,15,1,1,1
286,9,1104,464,22,15,1,1,1
287,1,766,400,22,15,1,1,1
287,2,858,383,22,15,1,1,1
287,4,987,416,37,23,1,1,1
287,7,1044,432,23,16,1,1,1
287,8,1109,481,24,15,1,1,1
287,9,1099,456,22,15,1,1,1
288,1,766,398,21,15,1,1,1
288,2,893,414,22,15,1,1,1
288,4,985,413,37,23,1,1,1
288,7,1043,430,23,16,1,1,1
288,8,1108,476,24,15,1,1,1
288,9,1098,454,22,15,1,1,1
289,1,767,397,20,16,1,1,1
289,2,894,414,22,15,1,1,1
289,4,986,411,37,23,1,1,1
289,7,1043,430,23,15,1,1,1
289,8,1107,473,24,15,1,1,1
289,9,1098,453,22,15,1,1,1
290,1,765,395,21,16,1,1,1
290,2,894,412,22,15,1,1,1
290,4,987,409,37,23,1,1,1
290,7,1042,428,23,16,1,1,1
290,8,1106,471,24,15,1,1,1
290,9,1098,450,22,15,1,1,1
291,1,765,395,21,15,1,1,1
291,2,894,411,22,15,1,1,1
291,4,987,407,37,23,1,1,1
291,7,1042,427,23,16,1,1,1
291,8,1106,470,24,15,1,1,1
291,9,1096,448,22,15,1,1,1
292,1,764,393,21,15,1,1,1
292,2,895,409,22,15,1,1,1
292,4,986,405,37,23,1,1,1
292,7,1046,426,18,15,1,1,1
292,8,1105,467,24,15,1,1,1
292,9,1097,445,22,15,1,1,1
293,1,764,392,21,16,1,1,1
293,2,895,408,22,15,1,1,1
293,4,986,403,37,23,1,1,1
293,7,1041,425,23,15,1,1,1
293,8,1105,465,24,15,1,1,1
293,9,1094,444,22,15,1,1,1
294,1,764,390,21,15,1,1,1
294,2,896,406,22,15,1,1,1
294,4,986,401,37,23,1,1,1
294,7,1040,424,23,14,1,1,1
294,8,1104,463,24,15,1,1,1
294,9,1093,441,22,15,1,1,1
295,1,764,390,20,15,1,1,1
295,2,895,404,22,15,1,1,1
295,4,987,399,37,23,1,1,1
295,7,1040,423,20,15,1,1,1
295,8,1103,461,24,15,1,1,1
295,9,1095,439,22,15,1,1,1
296,1,763,388,21,15,1,1,1
296,2,895,403,22,15,1,1,1
296,4,987,397,37,23,1,1,1
296,7,1039,421,23,16,1,1,1
296,8,1104,459,24,15,1,1,1
296,9,1094,436,22,15,1,1,1
297,1,763,387,21,16,1,1,1
297,2,895,401,22,15,1,1,1
297,4,987,396,37,23,1,1,1
297,7,1039,421,22,15,1,1,1
297,8,1103,457,24,15,1,1,1
297,9,1093,435,22,15,1,1,1
298,1,763,385,21,15,1,1,1
298,2,895,398,22,15,1,1,1
298,4,986,393,37,23,1,1,1
298,7,1038,419,23,15,1,1,1
298,8,1102,455,24,15,1,1,1
298,9,1090,431,22,15,1,1,1
299,1,763,384,20,15,1,1,1
299,2,896,396,22,15,1,1,1
299,4,986,390,37,23,1,1,1
299,7,1040,418,20,14,1,1,1
299,8,1103,453,24,15,1,1,1
299,9,1087,428,22,15,1,1,1
300,1,763,383,19,14,1,1,1
300,2,896,395,22,15,1,1,1
300,4,987,389,37,23,1,1,1
300,7,1037,417,21,15,1,1,1
300,8,1101,450,24,15,1,1,1
300,9,1089,427,22,15,1,1,1
301,1,762,381,21,15,1,1,1
301,2,896,393,22,15,1,1,1
301,4,987,387,37,23,1,1,1
301,7,1037,416,22,15,1,1,1
301,8,1102,450,24,15,1,1,1
301,9,1089,424,22,15,1,1,1
302,1,762,381,21,14,1,1,1
302,2,896,392,22,15,1,1,1
302,4,987,385,37,23,1,1,1
302,7,1036,415,21,15,1,1,1
302,8,1102,449,24,15,1,1,1
302,9,1086,423,22,15,1,1,1
303,1,762,379,20,15,1,1,1
303,2,896,390,22,15,1,1,1
303,4,986,383,37,23,1,1,1
303,7,1036,413,22,16,1,1,1
303,8,1100,444,24,15,1,1,1
303,9,1084,420,22,15,1,1,1
304,1,762,378,19,15,1,1,1
304,2,896,388,22,15,1,1,1
304,4,986,382,37,23,1,1,1
304,7,1035,413,22,15,1,1,1
304,8,1102,444,24,15,1,1,1
304,9,1083,418,22,15,1,1,1
305,1,761,377,19,14,1,1,1
305,2,896,386,22,15,1,1,1
305,4,988,379,37,23,1,1,1
305,7,1035,411,21,15,1,1,1
305,8,1101,443,24,15,1,1,1
305,9,1084,415,22,15,1,1,1
306,1,761,376,21,14,1,1,1
306,2,897,385,22,15,1,1,1
306,4,987,378,37,23,1,1,1
306,7,1034,411,22,14,1,1,1
306,8,1100,439,24,15,1,1,1
306,9,1082,414,22,15,1,1,1
307,1,761,374,18,15,1,1,1
307,2,895,382,22,15,1,1,1
307,4,986,375,37,23,1,1,1
307,7,1036,409,19,15,1,1,1
307,8,1100,438,24,15,1,1,1
307,9,1080,411,22,15,1,1,1
308,1,761,373,21,15,1,1,1
308,2,896,381,22,15,1,1,1
308,4,986,374,37,23,1,1,1
308,7,1033,408,22,15,1,1,1
308,8,1100,438,24,15,1,1,1
308,9,1080,411,22,15,1,1,1
309,1,761,373,21,14,1,1,1
309,2,897,378,22,15,1,1,1
309,4,987,373,37,23,1,1,1
309,7,1033,408,22,15,1,1,1
309,8,1099,436,24,15,1,1,1
309,9,1083,411,22,15,1,1,1
310,1,761,371,21,15,1,1,1
310,2,897,376,22,15,1,1,1
310,4,987,371,37,23,1,1,1
310,7,1032,406,22,15,1,1,1
310,8,1099,434,24,15,1,1,1
310,9,1079,407,22,15,1,1,1
311,1,761,369,21,15,1,1,1
311,2,897,373,22,15,1,1,1
311,4,988,368,37,23,1,1,1
311,7,1034,405,19,15,1,1,1
311,8,1098,431,24,15,1,1,1
311,9,1078,403,22,15,1,1,1
312,1,761,369,21,15,1,1,1
312,2,897,371,22,15,1,1,1
312,4,987,366,37,23,1,1,1
312,7,1031,404,22,15,1,1,1
312,8,1096,427,24,15,1,1,1
312,9,1076,401,22,15,1,1,1
313,1,761,367,19,15,1,1,1
313,2,897,369,22,15,1,1,1
313,4,986,364,37,23,1,1,1
313,7,1031,403,21,15,1,1,1
313,8,1098,427,24,15,1,1,1
313,9,1077,399,22,15,1,1,1
314,1,761,366,20,15,1,1,1
314,2,897,365,22,15,1,1,1
314,4,987,362,37,23,1,1,1
314,7,1030,401,20,16,1,1,1
314,8,1096,426,24,15,1,1,1
314,9,1075,396,22,15,1,1,1
315,1,761,365,20,15,1,1,1
315,2,897,364,22,15,1,1,1
315,4,987,360,37,23,1,1,1
315,7,1030,401,21,14,1,1,1
315,8,1097,424,24,15,1,1,1
315,9,1074,394,22,15,1,1,1
316,1,761,364,19,15,1,1,1
316,2,898,362,22,15,1,1,1
316,4,986,358,37,23,1,1,1
316,7,1032,400,15,14,1,1,1
316,8,1095,420,24,15,1,1,1
316,9,1074,392,22,15,1,1,1
317,1,761,363,20,14,1,1,1
317,2,897,359,22,15,1,1,1
317,4,985,356,37,23,1,1,1
317,7,1029,399,21,14,1,1,1
317,8,1096,420,24,15,1,1,1
317,9,1072,390,22,15,1,1,1
318,1,761,362,20,15,1,1,1
318,2,898,357,22,15,1,1,1
318,4,985,354,37,23,1,1,1
318,7,1031,398,18,14,1,1,1
318,8,1096,420,24,15,1,1,1
318,9,1073,389,22,15,1,1,1
319,1,761,361,19,14,1,1,1
319,2,898,354,22,15,1,1,1
319,4,986,351,37,23,1,1,1
319,7,1028,396,21,15,1,1,1
319,8,1096,418,24,15,1,1,1
319,9,1070,386,22,15,1,1,1
320,1,761,360,19,14,1,1,1
320,2,898,351,22,15,1,1,1
320,4,986,350,37,23,1,1,1
320,7,1030,396,18,14,1,1,1
320,8,1096,416,24,15,1,1,1
320,9,1071,384,22,15,1,1,1
321,1,761,358,21,15,1,1,1
321,2,897,348,22,15,1,1,1
321,4,986,347,37,23,1,1,1
321,7,1027,394,21,15,1,1,1
321,8,1095,414,24,15,1,1,1
321,9,1069,381,22,15,1,1,1
322,1,761,357,21,15,1,1,1
322,2,898,347,22,15,1,1,1
322,4,986,346,37,23,1,1,1
322,7,1029,394,18,14,1,1,1
322,8,1097,412,24,15,1,1,1
322,9,1068,381,22,15,1,1,1
323,1,761,355,21,15,1,1,1
323,2,898,344,22,15,1,1,1
323,4,985,344,37,23,1,1,1
323,7,1026,393,21,14,1,1,1
323,8,1096,411,24,15,1,1,1
323,9,1067,378,22,15,1,1,1
324,1,762,353,20,15,1,1,1
324,2,898,340,22,15,1,1,1
324,4,985,340,37,23,1,1,1
324,7,1026,391,19,15,1,1,1
324,8,1094,409,24,15,1,1,1
324,9,1067,374,22,15,1,1,1
325,1,762,352,18,15,1,1,1
325,2,897,338,22,15,1,1,1
325,4,985,339,37,23,1,1,1
325,7,1026,391,20,14,1,1,1
325,8,1093,407,24,15,1,1,1
325,9,1067,374,22,15,1,1,1
326,1,762,351,19,15,1,1,1
326,2,898,337,22,15,1,1,1
326,4,986,338,37,23,1,1,1
326,7,1025,390,21,15,1,1,1
326,8,1094,405,24,15,1,1,1
326,9,1065,373,22,15,1,1,1
327,1,761,349,20,15,1,1,1
327,2,899,334,22,15,1,1,1
327,4,987,335,37,23,1,1,1
327,7,1025,389,20,14,1,1,1
327,8,1094,403,24,15,1,1,1
327,9,1064,370,22,15,1,1,1
328,1,761,347,20,14,1,1,1
328,2,899,330,22,15,1,1,1
328,4,988,331,37,23,1,1,1
328,7,1024,387,21,15,1,1,1
328,8,1093,400,24,15,1,1,1
328,9,1064,367,22,15,1,1,1
329,1,761,346,20,14,1,1,1
329,2,899,329,22,15,1,1,1
329,4,986,329,37,23,1,1,1
329,7,1024,386,20,15,1,1,1
329,8,1093,399,24,15,1,1,1
329,9,1063,365,22,15,1,1,1
330,1,761,344,21,14,1,1,1
330,2,898,326,22,15,1,1,1
330,4,941,323,37,23,1,1,1
330,7,1024,385,20,14,1,1,1
330,8,1093,397,24,15,1,1,1
330,9,1063,362,22,15,1,1,1
331,1,761,343,21,14,1,1,1
331,2,899,324,22,15,1,1,1
331,4,940,321,37,23,1,1,1
331,7,1024,384,18,13,1,1,1
331,8,1093,395,24,15,1,1,1
331,9,1062,360,22,15,1,1,1
332,1,761,341,21,15,1,1,1
332,2,898,323,22,15,1,1,1
332,4,940,319,37,23,1,1,1
332,7,1023,383,20,13,1,1,1
332,8,1094,395,24,15,1,1,1
332,9,1064,359,22,15,1,1,1
333,1,760,339,22,16,1,1,1
333,2,898,320,22,15,1,1,1
333,4,940,316,37,23,1,1,1
333,7,1024,381,19,14,1,1,1
333,8,1093,392,24,15,1,1,1
333,9,1062,357,22,15,1,1,1
334,1,760,336,22,15,1,1,1
334,2,899,317,22,15,1,1,1
334,4,986,316,37,23,1,1,1
334,7,1023,379,19,15,1,1,1
334,8,1093,389,24,15,1,1,1
334,9,1061,354,22,15,1,1,1
335,1,765,335,17,16,1,1,1
335,2,900,315,22,15,1,1,1
335,4,1041,317,37,23,1,1,1
335,7,1023,378,19,15,1,1,1
335,8,1093,388,24,15,1,1,1
335,9,1060,353,22,15,1,1,1
336,1,760,333,18,14,1,1,1
336,2,901,313,22,15,1,1,1
336,4,1041,317,37,23,1,1,1
336,7,1023,376,19,15,1,1,1
336,8,1093,386,24,15,1,1,1
336,9,1060,350,22,15,1,1,1
337,1,760,330,22,18,1,1,1
337,2,900,311,22,15,1,1,1
337,4,1052,344,37,23,1,1,1
337,7,1023,375,18,16,1,1,1
337,8,1092,384,24,15,1,1,1
337,9,1060,350,22,15,1,1,1
338,1,763,328,19,17,1,1,1
338,2,901,308,22,15,1,1,1
338,4,1053,342,37,23,1,1,1
338,7,1022,373,18,15,1,1,1
338,8,1093,381,24,15,1,1,1
338,9,1096,380,19,16,1,1,1
339,1,760,328,22,15,1,1,1
339,2,901,307,22,15,1,1,1
339,4,1052,340,37,23,1,1,1
339,7,1022,372,18,16,1,1,1
339,8,1093,380,24,15,1,1,1
339,9,1094,379,21,17,1,1,1
340,1,761,324,20,16,1,1,1
340,2,902,304,22,15,1,1,1
340,4,1051,337,37,23,1,1,1
340,7,1021,370,17,15,1,1,1
340,8,1092,377,24,15,1,1,1
340,9,1093,376,22,17,1,1,1
341,1,760,321,21,17,1,1,1
341,2,901,302,22,15,1,1,1
341,4,1050,336,37,23,1,1,1
341,7,1021,368,18,16,1,1,1
341,8,1091,374,24,15,1,1,1
341,9,1093,374,19,16,1,1,1
342,1,760,318,21,17,1,1,1
342,2,901,300,22,15,1,1,1
342,4,1050,332,37,23,1,1,1
342,7,1024,367,18,16,1,1,1
342,8,1092,372,24,15,1,1,1
342,9,1093,371,22,18,1,1,1
343,1,761,317,19,17,1,1,1
343,2,901,298,22,15,1,1,1
343,4,1050,331,37,23,1,1,1
343,7,1020,365,18,15,1,1,1
343,8,1090,370,24,15,1,1,1
343,9,1093,370,18,16,1,1,1
344,1,760,316,20,16,1,1,1
344,2,903,297,22,15,1,1,1
344,4,1051,329,37,23,1,1,1
344,7,1020,363,17,16,1,1,1
344,8,1091,369,24,15,1,1,1
344,9,1093,369,21,15,1,1,1
345,1,760,313,19,16,1,1,1
345,2,903,295,22,15,1,1,1
345,4,1051,326,37,23,1,1,1
345,7,1020,362,18,15,1,1,1
345,8,1092,367,24,15,1,1,1
345,9,1093,367,21,15,1,1,1
346,1,760,311,18,14,1,1,1
346,2,943,294,22,15,1,1,1
346,4,1051,324,37,23,1,1,1
346,7,1020,360,22,17,1,1,1
346,8,1091,365,24,15,1,1,1
346,9,1094,363,18,17,1,1,1
347,1,760,309,18,13,1,1,1
347,2,944,292,22,15,1,1,1
347,4,1050,322,37,23,1,1,1
347,7,1020,358,22,16,1,1,1
347,8,1092,361,24,15,1,1,1
347,9,1091,379,18,17,1,1,1
348,1,759,306,19,14,1,1,1
348,2,903,287,22,15,1,1,1
348,4,1050,318,37,23,1,1,1
348,7,1020,356,22,15,1,1,1
348,8,1092,361,24,15,1,1,1
348,9,1091,379,18,17,1,1,1
349,1,758,304,20,16,1,1,1
349,2,903,286,22,15,1,1,1
349,4,1050,315,37,23,1,1,1
349,7,1020,354,22,16,1,1,1
349,8,1092,361,24,15,1,1,1
350,1,760,302,18,14,1,1,1
350,2,904,283,22,15,1,1,1
350,4,1050,312,37,23,1,1,1
350,7,1021,351,21,16,1,1,1
350,8,1093,353,24,15,1,1,1
351,1,757,301,21,14,1,1,1
351,2,942,285,22,15,1,1,1
351,4,1050,311,37,23,1,1,1
351,7,1021,348,20,17,1,1,1
351,8,1094,350,24,15,1,1,1
352,1,756,299,22,15,1,1,1
352,2,941,283,22,15,1,1,1
352,4,1050,308,37,23,1,1,1
352,7,1021,345,20,17,1,1,1
352,8,1094,348,24,15,1,1,1
353,1,760,297,18,15,1,1,1
353,2,941,280,22,15,1,1,1
353,4,1049,304,37,23,1,1,1
353,7,1022,342,19,17,1,1,1
353,8,1094,346,24,15,1,1,1
354,1,755,296,18,15,1,1,1
354,2,997,279,22,15,1,1,1
354,4,1049,302,37,23,1,1,1
354,7,1022,341,19,16,1,1,1
354,8,1094,344,24,15,1,1,1
355,1,759,295,18,14,1,1,1
355,2,998,278,22,15,1,1,1
355,4,1013,335,37,23,1,1,1
355,7,1023,339,17,16,1,1,1
355,8,1094,343,24,15,1,1,1
356,1,754,293,23,14,1,1,1
356,2,997,276,22,15,1,1,1
356,4,969,375,37,23,1,1,1
356,7,1058,303,17,16,1,1,1
356,8,1094,340,24,15,1,1,1
357,1,759,292,13,14,1,1,1
357,2,997,276,22,15,1,1,1
357,4,969,375,37,23,1,1,1
357,7,1058,303,17,16,1,1,1
357,8,1095,338,24,15,1,1,1
358,1,754,290,22,15,1,1,1
358,2,998,274,22,15,1,1,1
358,4,969,375,37,23,1,1,1
358,7,1058,303,17,16,1,1,1
358,8,1095,336,24,15,1,1,1
359,1,753,288,22,15,1,1,1
359,2,999,272,22,15,1,1,1
359,4,969,375,37,23,1,1,1
359,7,1058,298,17,16,1,1,1
359,8,1095,334,24,15,1,1,1
360,1,753,287,22,15,1,1,1
360,2,999,270,22,15,1,1,1
360,4,969,375,37,23,1,1,1
360,7,1059,296,17,16,1,1,1
360,8,1096,332,24,15,1,1,1
361,1,753,286,21,15,1,1,1
361,2,997,269,22,15,1,1,1
361,4,969,375,37,23,1,1,1
361,7,1060,295,17,16,1,1,1
361,8,1096,331,24,15,1,1,1
362,1,753,285,20,13,1,1,1
362,2,999,268,22,15,1,1,1
362,4,969,375,37,23,1,1,1
362,7,1060,294,17,16,1,1,1
362,8,1096,329,24,15,1,1,1
363,1,753,284,20,15,1,1,1
363,2,1000,267,22,15,1,1,1
363,4,969,375,37,23,1,1,1
363,7,1060,292,17,16,1,1,1
363,8,1097,328,24,15,1,1,1
364,1,752,282,20,15,1,1,1
364,2,1000,265,22,15,1,1,1
364,4,969,375,37,23,1,1,1
364,7,1060,290,17,16,1,1,1
364,8,1097,326,24,15,1,1,1
365,1,752,282,20,14,1,1,1
365,2,999,264,22,15,1,1,1
365,4,969,375,37,23,1,1,1
365,7,1062,289,17,16,1,1,1
365,8,1097,325,24,15,1,1,1
366,1,752,280,20,15,1,1,1
366,2,1002,262,22,15,1,1,1
366,4,969,375,37,23,1,1,1
366,7,1060,288,17,16,1,1,1
366,8,1097,323,24,15,1,1,1
367,1,751,279,20,15,1,1,1
367,2,1001,260,22,15,1,1,1
367,4,969,375,37,23,1,1,1
367,7,1060,287,17,16,1,1,1
367,8,1098,322,24,15,1,1,1
368,1,751,278,20,14,1,1,1
368,2,1001,258,22,15,1,1,1
368,4,969,375,37,23,1,1,1
368,7,1061,285,17,16,1,1,1
368,8,1100,320,24,15,1,1,1
369,1,750,277,19,14,1,1,1
369,2,1002,256,22,15,1,1,1
369,7,1061,284,17,16,1,1,1
369,8,1099,318,24,15,1,1,1
370,1,749,275,21,15,1,1,1
370,2,1002,254,22,15,1,1,1
370,7,1061,283,17,16,1,1,1
370,8,1099,316,24,15,1,1,1
371,1,748,273,21,15,1,1,1
371,2,1003,251,22,15,1,1,1
371,7,1061,281,17,16,1,1,1
371,8,1100,315,24,15,1,1,1
372,1,749,272,19,15,1,1,1
372,2,1003,250,22,15,1,1,1
372,7,1062,279,17,16,1,1,1
372,8,1101,313,24,15,1,1,1
373,1,748,272,20,13,1,1,1
373,2,1003,249,22,15,1,1,1
373,7,1062,279,17,16,1,1,1
373,8,1100,313,24,15,1,1,1
374,1,747,270,20,15,1,1,1
374,2,1004,246,22,15,1,1,1
374,7,1062,278,17,16,1,1,1
374,8,1101,311,24,15,1,1,1
375,1,746,269,21,14,1,1,1
375,2,1003,245,22,15,1,1,1
375,7,1062,277,17,16,1,1,1
375,8,1101,310,24,15,1,1,1
376,1,745,267,21,14,1,1,1
376,2,1004,242,22,15,1,1,1
376,7,1062,275,17,16,1,1,1
376,8,1102,308,24,15,1,1,1
377,1,747,266,19,15,1,1,1
377,2,1005,241,22,15,1,1,1
377,7,1062,274,17,16,1,1,1
377,8,1102,306,24,15,1,1,1
378,1,746,264,19,15,1,1,1
378,2,1005,239,22,15,1,1,1
378,7,1062,273,17,16,1,1,1
378,8,1104,304,24,15,1,1,1
379,1,746,262,19,15,1,1,1
379,2,1005,235,22,15,1,1,1
379,7,1063,272,17,16,1,1,1
379,8,1104,303,24,15,1,1,1
380,1,742,261,22,16,1,1,1
380,2,1006,234,22,15,1,1,1
380,7,1063,270,17,16,1,1,1
380,8,1104,301,24,15,1,1,1
381,1,741,259,23,16,1,1,1
381,2,1006,231,22,15,1,1,1
381,7,1062,269,17,16,1,1,1
381,8,1104,299,24,15,1,1,1
382,1,741,258,22,15,1,1,1
382,2,1007,229,22,15,1,1,1
382,7,1061,267,17,16,1,1,1
382,8,1105,298,24,15,1,1,1
383,1,740,256,22,15,1,1,1
383,2,1007,226,22,15,1,1,1
383,7,1062,266,17,16,1,1,1
383,8,1106,296,24,15,1,1,1
384,1,740,255,22,14,1,1,1
384,2,1007,224,22,15,1,1,1
384,7,1063,264,17,16,1,1,1
384,8,1106,294,24,15,1,1,1
385,1,740,253,21,15,1,1,1
385,2,1007,221,22,15,1,1,1
385,7,1063,262,17,16,1,1,1
385,8,1106,292,24,15,1,1,1
386,1,738,251,23,16,1,1,1
386,2,1008,220,22,15,1,1,1
386,7,1063,262,17,16,1,1,1
386,8,1108,291,24,15,1,1,1
387,1,737,249,23,16,1,1,1
387,2,1008,217,22,15,1,1,1
387,7,1063,259,17,16,1,1,1
387,8,1109,289,24,15,1,1,1
388,1,736,246,23,15,1,1,1
388,2,1009,213,22,15,1,1,1
388,7,1064,257,17,16,1,1,1
388,8,1109,286,24,15,1,1,1
389,1,738,245,21,16,1,1,1
389,2,1010,211,22,15,1,1,1
389,7,1064,255,17,16,1,1,1
389,8,1110,284,24,15,1,1,1
390,1,736,243,21,16,1,1,1
390,2,1010,208,22,15,1,1,1
390,7,1064,254,17,16,1,1,1
390,8,1111,282,24,15,1,1,1
391,1,735,241,22,16,1,1,1
391,2,1010,206,22,15,1,1,1
391,7,1064,253,17,16,1,1,1
391,8,1111,280,24,15,1,1,1
392,1,734,239,20,15,1,1,1
392,2,1011,203,22,15,1,1,1
392,7,1064,251,17,16,1,1,1
392,8,1112,278,24,15,1,1,1
393,1,733,237,23,17,1,1,1
393,2,1011,202,22,15,1,1,1
393,7,1064,249,17,16,1,1,1
393,8,1112,276,24,15,1,1,1
394,1,732,234,23,17,1,1,1
394,2,1012,199,22,15,1,1,1
394,7,1064,246,17,16,1,1,1
394,8,1113,273,24,15,1,1,1
395,1,732,233,22,16,1,1,1
395,2,1012,197,22,15,1,1,1
395,7,1065,246,17,16,1,1,1
395,8,1113,272,24,15,1,1,1
396,1,734,230,19,16,1,1,1
396,2,1013,195,22,15,1,1,1
396,7,1065,243,17,16,1,1,1
396,8,1113,269,24,15,1,1,1
397,1,730,229,23,16,1,1,1
397,2,1013,193,22,15,1,1,1
397,7,1065,242,17,16,1,1,1
397,8,1114,267,24,15,1,1,1
398,1,729,226,23,16,1,1,1
398,2,1014,191,22,15,1,1,1
398,7,1065,239,17,16,1,1,1
398,8,1115,265,24,15,1,1,1
399,1,729,224,22,16,1,1,1
399,2,1014,190,22,15,1,1,1
399,7,1065,237,17,16,1,1,1
399,8,1116,262,24,15,1,1,1
400,1,728,221,23,16,1,1,1
400,2,1015,188,22,15,1,1,1
400,7,1065,235,17,16,1,1,1
400,8,1116,260,24,15,1,1,1
401,1,727,219,23,17,1,1,1
401,2,1015,187,22,15,1,1,1
401,7,1066,233,17,16,1,1,1
401,8,1117,257,24,15,1,1,1
402,1,726,215,23,17,1,1,1
402,2,1015,186,22,15,1,1,1
402,7,1066,232,17,16,1,1,1
402,8,1118,254,24,15,1,1,1
403,1,725,212,23,17,1,1,1
403,2,1016,183,22,15,1,1,1
403,7,1066,230,17,16,1,1,1
403,8,1119,250,24,15,1,1,1
404,1,724,211,23,16,1,1,1
404,2,1016,183,22,15,1,1,1
404,7,1066,229,17,16,1,1,1
404,8,1119,248,24,15,1,1,1
405,1,723,207,23,17,1,1,1
405,2,1017,183,22,15,1,1,1
405,7,1067,226,17,16,1,1,1
405,8,1119,245,24,15,1,1,1
406,1,723,205,23,17,1,1,1
406,2,1018,182,22,15,1,1,1
406,7,1067,225,17,16,1,1,1
406,8,1120,243,24,15,1,1,1
407,1,721,202,24,16,1,1,1
407,2,1018,182,22,15,1,1,1
407,7,1067,225,17,16,1,1,1
407,8,1122,240,24,15,1,1,1
408,1,722,199,22,18,1,1,1
408,2,1018,181,22,15,1,1,1
408,7,1066,224,17,16,1,1,1
408,8,1121,237,24,15,1,1,1
409,1,720,195,23,18,1,1,1
409,2,1019,181,22,15,1,1,1
409,7,1067,223,17,16,1,1,1
409,8,1121,234,24,15,1,1,1
410,1,720,194,23,15,1,1,1
410,2,1019,180,22,15,1,1,1
410,7,1068,222,17,16,1,1,1
410,8,1122,231,24,15,1,1,1
411,1,718,189,23,18,1,1,1
411,2,1019,181,22,15,1,1,1
411,7,1067,222,17,16,1,1,1
411,8,1124,227,24,15,1,1,1
412,1,718,188,23,17,1,1,1
412,2,1020,180,22,15,1,1,1
412,7,1068,220,17,16,1,1,1
412,8,1125,225,24,15,1,1,1
413,1,717,184,23,17,1,1,1
413,2,1020,181,22,15,1,1,1
413,7,1069,220,17,16,1,1,1
413,8,1127,221,24,15,1,1,1
414,1,715,182,24,17,1,1,1
414,2,1021,181,22,15,1,1,1
414,7,1045,219,21,16,1,1,1
414,8,1126,219,24,15,1,1,1
415,1,716,177,22,17,1,1,1
415,2,1021,182,22,15,1,1,1
415,7,1066,220,21,16,1,1,1
415,8,1126,215,24,15,1,1,1
416,1,713,175,25,18,1,1,1
416,2,1022,182,22,15,1,1,1
416,7,1068,221,21,16,1,1,1
416,8,1127,212,24,15,1,1,1
417,1,712,171,24,18,1,1,1
417,2,1023,184,22,15,1,1,1
417,7,1047,209,22,17,1,1,1
417,8,1128,208,24,15,1,1,1
418,1,711,168,25,16,1,1,1
418,2,1023,184,22,15,1,1,1
418,7,1021,184,22,17,1,1,1
418,8,1129,205,24,15,1,1,1
419,1,711,165,24,16,1,1,1
419,2,1022,186,22,15,1,1,1
419,7,1021,184,22,17,1,1,1
419,8,1128,201,24,15,1,1,1
420,1,709,162,25,18,1,1,1
420,2,1048,202,22,15,1,1,1
420,7,1021,184,22,17,1,1,1
420,8,1130,199,24,15,1,1,1
421,1,712,158,21,18,1,1,1
421,2,1049,199,22,15,1,1,1
421,7,1021,184,22,17,1,1,1
421,8,1131,194,24,15,1,1,1
422,1,707,155,25,18,1,1,1
422,2,1050,197,22,15,1,1,1
422,7,1024,187,22,17,1,1,1
422,8,1131,192,24,15,1,1,1
423,1,707,152,24,16,1,1,1
423,2,1049,195,22,15,1,1,1
423,7,1050,194,20,16,1,1,1
423,8,1132,188,24,15,1,1,1
424,1,705,149,25,18,1,1,1
424,2,1050,193,22,15,1,1,1
424,7,1068,220,20,16,1,1,1
424,8,1133,185,24,15,1,1,1
425,1,704,146,25,16,1,1,1
425,2,1067,221,22,15,1,1,1
425,7,1070,226,20,16,1,1,1
425,8,1134,180,24,15,1,1,1
426,1,703,143,25,17,1,1,1
426,2,1069,226,22,15,1,1,1
426,7,1089,254,20,16,1,1,1
426,8,1134,177,24,15,1,1,1
427,1,702,141,25,16,1,1,1
427,2,1069,226,22,15,1,1,1
427,7,1070,227,20,16,1,1,1
427,8,1135,174,24,15,1,1,1
428,1,701,138,25,17,1,1,1
428,2,1069,228,22,15,1,1,1
428,7,1052,185,22,17,1,1,1
428,8,1136,171,24,15,1,1,1
429,1,700,135,25,19,1,1,1
429,2,1070,230,22,15,1,1,1
429,7,1028,200,22,17,1,1,1
429,8,1136,166,24,15,1,1,1
430,1,699,134,25,18,1,1,1
430,2,1071,232,22,15,1,1,1
430,7,1023,204,22,17,1,1,1
430,8,1138,163,24,15,1,1,1
431,1,699,131,24,19,1,1,1
431,2,1071,235,22,15,1,1,1
431,7,1054,179,22,18,1,1,1
431,8,1138,158,24,15,1,1,1
432,1,697,130,25,19,1,1,1
432,2,1071,236,22,15,1,1,1
432,7,1029,205,22,18,1,1,1
432,8,1138,156,24,15,1,1,1
433,1,696,128,25,18,1,1,1
433,2,1072,238,22,15,1,1,1
433,7,1030,208,22,18,1,1,1
433,8,1138,153,24,15,1,1,1
434,1,695,126,26,20,1,1,1
434,2,1072,239,22,15,1,1,1
434,7,1030,211,22,18,1,1,1
434,8,1140,149,24,15,1,1,1
435,1,694,125,25,18,1,1,1
435,2,1071,242,22,15,1,1,1
435,7,1031,214,22,18,1,1,1
435,8,1141,144,24,15,1,1,1
436,1,694,124,25,18,1,1,1
436,2,1073,243,22,15,1,1,1
436,7,1031,215,22,18,1,1,1
436,8,1141,142,24,15,1,1,1
437,1,692,122,25,19,1,1,1
437,2,1074,247,22,15,1,1,1
437,7,1031,219,22,18,1,1,1
437,8,1142,137,24,15,1,1,1
438,1,691,121,25,20,1,1,1
438,2,1074,250,22,15,1,1,1
438,7,1032,222,22,18,1,1,1
438,8,1143,132,24,15,1,1,1
439,1,691,121,24,19,1,1,1
439,2,1074,251,22,15,1,1,1
439,7,1032,225,22,18,1,1,1
439,8,1143,130,24,15,1,1,1
440,1,690,121,24,19,1,1,1
440,2,1075,255,22,15,1,1,1
440,7,1033,228,22,18,1,1,1
440,8,1145,126,24,15,1,1,1
441,1,689,120,23,19,1,1,1
441,2,1077,256,22,15,1,1,1
441,7,1032,230,22,18,1,1,1
441,8,1145,123,24,15,1,1,1
442,1,689,120,22,20,1,1,1
442,2,1076,259,22,15,1,1,1
442,7,1034,234,22,18,1,1,1
442,8,1146,120,24,15,1,1,1
443,1,688,120,22,19,1,1,1
443,2,1076,262,22,15,1,1,1
443,7,1034,235,22,18,1,1,1
443,8,1147,118,24,15,1,1,1
444,1,686,118,24,22,1,1,1
444,2,1077,265,22,15,1,1,1
444,7,1035,239,22,18,1,1,1
444,8,1148,114,24,15,1,1,1
445,1,686,120,24,20,1,1,1
445,2,1078,268,22,15,1,1,1
445,7,1035,241,22,18,1,1,1
445,8,1149,112,24,15,1,1,1
446,1,684,120,24,19,1,1,1
446,2,1079,271,22,15,1,1,1
446,7,1035,244,22,18,1,1,1
446,8,1150,110,24,15,1,1,1
447,1,684,119,24,22,1,1,1
447,2,1079,274,22,15,1,1,1
447,7,1036,247,22,18,1,1,1
447,8,1148,107,24,15,1,1,1
448,1,684,121,23,20,1,1,1
448,2,1079,277,22,15,1,1,1
448,7,1035,249,22,18,1,1,1
448,8,1149,104,24,15,1,1,1
449,1,683,120,24,23,1,1,1
449,2,1080,280,22,15,1,1,1
449,7,1036,252,22,18,1,1,1
449,8,1151,104,24,15,1,1,1
450,1,682,122,23,22,1,1,1
450,2,1081,284,22,15,1,1,1
450,7,1037,254,22,18,1,1,1
450,8,1152,102,24,15,1,1,1
451,1,682,122,24,21,1,1,1
451,2,1082,289,22,15,1,1,1
451,7,1038,258,22,18,1,1,1
451,8,1153,100,24,15,1,1,1
452,1,681,124,24,22,1,1,1
452,2,1082,291,22,15,1,1,1
452,7,1038,260,22,18,1,1,1
452,8,1154,97,24,15,1,1,1
453,1,680,125,25,23,1,1,1
453,2,1082,293,22,15,1,1,1
453,7,1038,261,22,18,1,1,1
453,8,1155,98,24,15,1,1,1
454,1,679,129,24,20,1,1,1
454,2,1083,297,22,15,1,1,1
454,7,1038,263,22,18,1,1,1
454,8,1155,97,24,15,1,1,1
455,1,678,130,26,21,1,1,1
455,2,1084,299,22,15,1,1,1
455,7,1039,266,22,18,1,1,1
455,8,1156,95,24,15,1,1,1
456,1,677,134,26,20,1,1,1
456,2,1082,303,22,15,1,1,1
456,7,1038,269,22,18,1,1,1
456,8,1157,94,24,15,1,1,1
457,1,678,132,24,22,1,1,1
457,2,1085,306,22,15,1,1,1
457,7,1039,270,22,18,1,1,1
457,8,1158,92,24,15,1,1,1
458,1,676,137,27,19,1,1,1
458,2,1086,310,22,15,1,1,1
458,7,1040,273,22,18,1,1,1
458,8,1161,92,24,15,1,1,1
459,1,676,137,21,23,1,1,1
459,2,1086,312,22,15,1,1,1
459,7,1041,274,22,18,1,1,1
459,8,1159,92,24,15,1,1,1
460,1,675,140,27,21,1,1,1
460,2,1086,316,22,15,1,1,1
460,7,1041,276,22,18,1,1,1
460,8,1160,92,24,15,1,1,1
461,1,678,142,23,23,1,1,1
461,2,1088,319,22,15,1,1,1
461,7,1042,279,22,18,1,1,1
461,8,1161,92,24,15,1,1,1
462,1,674,147,26,22,1,1,1
462,2,1089,323,22,15,1,1,1
462,7,1041,282,22,18,1,1,1
462,8,1162,92,24,15,1,1,1
463,1,673,148,28,21,1,1,1
463,2,1086,325,22,15,1,1,1
463,7,1042,283,22,18,1,1,1
463,8,1163,91,24,15,1,1,1
464,1,673,150,27,21,1,1,1
464,2,1089,328,22,15,1,1,1
464,7,1043,284,22,18,1,1,1
464,8,1163,91,24,15,1,1,1
465,1,673,155,23,21,1,1,1
465,2,1091,331,22,15,1,1,1
465,7,1043,286,22,18,1,1,1
465,8,1165,94,24,15,1,1,1
466,1,673,159,27,18,1,1,1
466,2,1089,333,22,15,1,1,1
466,7,1044,288,22,18,1,1,1
466,8,1165,93,24,15,1,1,1
467,1,672,160,27,22,1,1,1
467,2,1089,337,22,15,1,1,1
467,7,1044,290,22,18,1,1,1
467,8,1165,94,24,15,1,1,1
468,1,672,165,27,21,1,1,1
468,2,1094,341,22,15,1,1,1
468,7,1044,294,22,18,1,1,1
468,8,1166,95,24,15,1,1,1
469,1,671,167,28,22,1,1,1
469,2,1092,342,22,15,1,1,1
469,7,1044,295,22,18,1,1,1
469,8,1167,96,24,15,1,1,1
470,1,671,172,28,20,1,1,1
470,2,1095,344,22,15,1,1,1
470,7,1045,296,22,18,1,1,1
470,8,1167,98,24,15,1,1,1
471,1,671,174,24,21,1,1,1
471,2,1096,346,22,15,1,1,1
471,7,1046,298,22,18,1,1,1
471,8,1169,100,24,15,1,1,1
472,1,671,179,27,20,1,1,1
472,2,1097,348,22,15,1,1,1
472,7,1047,300,22,18,1,1,1
472,8,1170,99,24,15,1,1,1
473,1,671,180,27,21,1,1,1
473,2,1097,350,22,15,1,1,1
473,7,1047,301,22,18,1,1,1
473,8,1170,102,24,15,1,1,1
474,1,671,187,26,18,1,1,1
474,2,1098,351,22,15,1,1,1
474,7,1047,303,22,18,1,1,1
474,8,1170,104,24,15,1,1,1
475,1,671,192,26,18,1,1,1
475,2,1100,354,22,15,1,1,1
475,7,1047,306,22,18,1,1,1
475,8,1172,107,24,15,1,1,1
476,1,671,195,26,19,1,1,1
476,2,1101,356,22,15,1,1,1
476,7,1048,308,22,18,1,1,1
476,8,1173,108,24,15,1,1,1
477,1,671,196,22,21,1,1,1
477,2,1101,357,22,15,1,1,1
477,7,1048,308,22,18,1,1,1
477,8,1173,110,24,15,1,1,1
478,1,671,201,25,18,1,1,1
478,2,1102,358,22,15,1,1,1
478,7,1048,310,22,18,1,1,1
478,8,1173,111,24,15,1,1,1
479,1,671,205,25,20,1,1,1
479,2,1103,359,22,15,1,1,1
479,7,1048,312,22,18,1,1,1
479,8,1174,114,24,15,1,1,1
480,1,671,208,24,20,1,1,1
480,2,1103,361,22,15,1,1,1
480,7,1048,313,22,18,1,1,1
480,8,1174,116,24,15,1,1,1
481,1,671,211,23,19,1,1,1
481,2,1104,361,22,15,1,1,1
481,7,1048,315,22,18,1,1,1
481,8,1175,118,24,15,1,1,1
482,1,670,216,25,20,1,1,1
482,2,1106,362,22,15,1,1,1
482,7,1048,317,22,18,1,1,1
482,8,1176,121,24,15,1,1,1
483,1,670,219,25,19,1,1,1
483,2,1107,364,22,15,1,1,1
483,7,1049,319,22,18,1,1,1
483,8,1176,123,24,15,1,1,1
484,1,671,225,23,19,1,1,1
484,2,1108,365,22,15,1,1,1
484,7,1049,321,22,18,1,1,1
484,8,1177,126,24,15,1,1,1
485,1,671,228,23,18,1,1,1
485,2,1109,367,22,15,1,1,1
485,7,1049,322,22,18,1,1,1
485,8,1178,130,24,15,1,1,1
486,1,669,233,25,19,1,1,1
486,2,1110,368,22,15,1,1,1
486,7,1049,325,22,18,1,1,1
486,8,1178,134,24,15,1,1,1
487,1,669,236,25,18,1,1,1
487,2,1111,369,22,15,1,1,1
487,7,1049,326,22,18,1,1,1
487,8,1179,137,24,15,1,1,1
488,1,669,239,25,17,1,1,1
488,2,1111,369,22,15,1,1,1
488,7,1049,328,22,18,1,1,1
488,8,1180,138,24,15,1,1,1
489,1,669,244,25,17,1,1,1
489,2,1112,371,22,15,1,1,1
489,7,1049,330,22,18,1,1,1
489,8,1181,143,24,15,1,1,1
490,1,671,247,23,17,1,1,1
490,2,1114,372,22,15,1,1,1
490,7,1049,332,22,18,1,1,1
490,8,1181,146,24,15,1,1,1
491,1,668,250,26,18,1,1,1
491,2,1114,373,22,15,1,1,1
491,7,1049,333,22,18,1,1,1
491,8,1181,149,24,15,1,1,1
492,1,668,252,26,17,1,1,1
492,2,1115,374,22,15,1,1,1
492,7,1049,334,22,18,1,1,1
492,8,1183,151,24,15,1,1,1
493,1,668,258,26,17,1,1,1
493,2,1116,375,22,15,1,1,1
493,7,1051,337,22,18,1,1,1
493,8,1182,156,24,15,1,1,1
494,1,668,260,26,17,1,1,1
494,2,1115,377,22,15,1,1,1
494,7,1049,339,22,18,1,1,1
494,8,1183,159,24,15,1,1,1
495,1,668,265,25,18,1,1,1
495,2,1118,378,22,15,1,1,1
495,7,1048,342,22,18,1,1,1
495,8,1184,164,24,15,1,1,1
496,1,668,268,25,17,1,1,1
496,2,1119,379,22,15,1,1,1
496,7,1048,343,22,18,1,1,1
496,8,1183,167,24,15,1,1,1
497,1,667,270,26,18,1,1,1
497,2,1120,380,22,15,1,1,1
497,7,1049,344,22,18,1,1,1
497,8,1185,169,24,15,1,1,1
498,1,667,275,26,18,1,1,1
498,2,1121,382,22,15,1,1,1
498,7,1048,348,22,18,1,1,1
498,8,1186,174,24,15,1,1,1
499,1,667,278,26,17,1,1,1
499,2,1122,383,22,15,1,1,1
499,7,1047,349,22,18,1,1,1
499,8,1186,177,24,15,1,1,1
500,1,668,280,25,17,1,1,1
500,2,1121,384,22,15,1,1,1
500,7,1048,351,22,18,1,1,1
500,8,1185,180,24,15,1,1,1
501,1,666,285,27,17,1,1,1
501,2,1124,385,22,15,1,1,1
501,7,1047,354,22,18,1,1,1
501,8,1187,185,24,15,1,1,1
502,1,666,287,27,17,1,1,1
502,2,1125,387,22,15,1,1,1
502,7,1047,356,22,18,1,1,1
502,8,1188,188,24,15,1,1,1
503,1,666,289,26,17,1,1,1
503,2,1124,388,22,15,1,1,1
503,7,1046,357,22,18,1,1,1
503,8,1189,190,24,15,1,1,1
504,1,670,293,22,17,1,1,1
504,2,1126,389,22,15,1,1,1
504,7,1047,361,22,18,1,1,1
504,8,1189,195,24,15,1,1,1
505,1,665,295,27,17,1,1,1
505,2,1128,391,22,15,1,1,1
505,7,1045,362,22,18,1,1,1
505,8,1190,197,24,15,1,1,1
506,1,665,297,27,17,1,1,1
506,2,1127,392,22,15,1,1,1
506,7,1045,364,22,18,1,1,1
506,8,1190,200,24,15,1,1,1
507,1,669,300,22,17,1,1,1
507,2,1130,394,22,15,1,1,1
507,7,1044,367,22,18,1,1,1
507,8,1191,204,24,15,1,1,1
508,1,664,302,27,17,1,1,1
508,2,1131,395,22,15,1,1,1
508,7,1043,369,22,18,1,1,1
508,8,1192,206,24,15,1,1,1
509,1,664,303,27,17,1,1,1
509,2,1132,396,22,15,1,1,1
509,7,1043,371,22,18,1,1,1
509,8,1192,208,24,15,1,1,1
510,1,664,304,25,17,1,1,1
510,2,1132,397,22,15,1,1,1
510,7,1043,372,22,18,1,1,1
510,8,1193,210,24,15,1,1,1
511,1,664,307,26,17,1,1,1
511,2,1133,399,22,15,1,1,1
511,7,1043,376,22,18,1,1,1
511,8,1194,214,24,15,1,1,1
512,1,663,308,27,17,1,1,1
512,2,1135,400,22,15,1,1,1
512,7,1041,378,22,18,1,1,1
512,8,1195,217,24,15,1,1,1
513,1,663,309,26,17,1,1,1
513,2,1136,401,22,15,1,1,1
513,7,1043,380,22,18,1,1,1
513,8,1196,219,24,15,1,1,1
514,1,662,311,27,17,1,1,1
514,2,1137,403,22,15,1,1,1
514,7,1041,383,22,18,1,1,1
514,8,1197,222,24,15,1,1,1
515,1,662,312,26,18,1,1,1
515,2,1138,405,22,15,1,1,1
515,7,1038,386,22,18,1,1,1
515,8,1197,225,24,15,1,1,1
516,1,662,313,26,17,1,1,1
516,2,1139,406,22,15,1,1,1
516,7,1039,388,22,18,1,1,1
516,8,1198,226,24,15,1,1,1
517,1,664,315,23,17,1,1,1
517,2,1140,408,22,15,1,1,1
517,7,1039,391,22,18,1,1,1
517,8,1199,229,24,15,1,1,1
518,1,661,315,26,18,1,1,1
518,2,1141,409,22,15,1,1,1
518,7,1037,393,22,18,1,1,1
518,8,1200,232,24,15,1,1,1
519,1,661,316,25,18,1,1,1
519,2,1142,410,22,15,1,1,1
519,7,1036,395,22,18,1,1,1
519,8,1200,234,24,15,1,1,1
520,1,662,317,24,18,1,1,1
520,2,1142,411,22,15,1,1,1
520,7,1036,397,22,18,1,1,1
520,8,1201,235,24,15,1,1,1
521,1,660,319,26,17,1,1,1
521,2,1144,413,22,15,1,1,1
521,7,1035,401,22,18,1,1,1
521,8,1202,238,24,15,1,1,1
522,1,660,319,26,17,1,1,1
522,2,1145,415,22,15,1,1,1
522,7,1034,403,22,18,1,1,1
522,8,1203,241,24,15,1,1,1
523,1,660,320,26,17,1,1,1
523,2,1146,417,22,15,1,1,1
523,7,1034,405,22,18,1,1,1
523,8,1204,242,24,15,1,1,1
524,1,660,321,25,18,1,1,1
524,2,1147,418,22,15,1,1,1
524,7,1033,407,22,18,1,1,1
524,8,1205,243,24,15,1,1,1
525,1,659,322,26,17,1,1,1
525,2,1148,420,22,15,1,1,1
525,7,1032,411,22,18,1,1,1
525,8,1206,247,24,15,1,1,1
526,1,659,323,26,18,1,1,1
526,2,1150,422,22,15,1,1,1
526,7,1031,413,22,18,1,1,1
526,8,1207,249,24,15,1,1,1
527,1,659,323,26,19,1,1,1
527,2,1151,423,22,15,1,1,1
527,7,1031,415,22,18,1,1,1
527,8,1207,251,24,15,1,1,1
528,1,658,325,26,17,1,1,1
528,2,1152,425,22,15,1,1,1
528,7,1030,419,22,18,1,1,1
528,8,1208,254,24,15,1,1,1
529,1,658,325,26,17,1,1,1
529,2,1152,426,22,15,1,1,1
529,7,1030,420,22,18,1,1,1
529,8,1209,255,24,15,1,1,1
530,1,658,326,26,18,1,1,1
530,2,1153,427,22,15,1,1,1
530,7,1029,423,22,18,1,1,1
530,8,1210,257,24,15,1,1,1
531,1,658,327,26,18,1,1,1
531,2,1154,429,22,15,1,1,1
531,7,1028,426,22,18,1,1,1
531,8,1211,259,24,15,1,1,1
532,1,657,328,27,17,1,1,1
532,2,1156,430,22,15,1,1,1
532,7,1027,428,22,18,1,1,1
532,8,1211,261,24,15,1,1,1
533,1,657,329,26,18,1,1,1
533,2,1158,433,22,15,1,1,1
533,7,1027,431,22,18,1,1,1
533,8,1213,264,24,15,1,1,1
534,1,657,329,26,19,1,1,1
534,2,1159,435,22,15,1,1,1
534,7,1026,434,22,18,1,1,1
534,8,1214,266,24,15,1,1,1
535,1,657,330,26,19,1,1,1
535,2,1160,436,22,15,1,1,1
535,7,1025,437,22,18,1,1,1
535,8,1214,268,24,15,1,1,1
536,1,656,332,27,18,1,1,1
536,2,1162,438,22,15,1,1,1
536,7,1025,440,22,18,1,1,1
536,8,1216,271,24,15,1,1,1
537,1,656,332,27,19,1,1,1
537,2,1163,440,22,15,1,1,1
537,7,1024,442,22,18,1,1,1
537,8,1216,273,24,15,1,1,1
538,1,656,333,27,17,1,1,1
538,2,1164,442,22,15,1,1,1
538,7,1024,444,22,18,1,1,1
538,8,1217,275,24,15,1,1,1
539,1,656,334,27,19,1,1,1
539,2,1165,443,22,15,1,1,1
539,7,1024,445,22,18,1,1,1
539,8,1218,277,24,15,1,1,1
540,1,656,336,27,17,1,1,1
540,2,1167,446,22,15,1,1,1
540,7,1023,448,22,18,1,1,1
540,8,1219,281,24,15,1,1,1
541,1,656,336,24,19,1,1,1
541,2,1169,448,22,15,1,1,1
541,7,1023,450,22,18,1,1,1
541,8,1220,283,24,15,1,1,1
542,1,656,337,26,19,1,1,1
542,2,1170,449,22,15,1,1,1
542,7,1023,452,22,18,1,1,1
542,8,1221,284,24,15,1,1,1
543,1,656,339,26,19,1,1,1
543,2,1171,451,22,15,1,1,1
543,7,1022,454,22,18,1,1,1
543,8,1222,288,24,15,1,1,1
544,1,655,339,25,19,1,1,1
544,2,1173,453,22,15,1,1,1
544,7,1022,455,22,18,1,1,1
544,8,1223,290,24,15,1,1,1
545,1,655,340,27,19,1,1,1
545,2,1175,455,22,15,1,1,1
545,7,1022,455,22,18,1,1,1
545,8,1224,292,24,15,1,1,1
546,1,655,341,27,19,1,1,1
546,2,1176,456,22,15,1,1,1
546,7,1022,455,22,18,1,1,1
546,8,1224,294,24,15,1,1,1
547,1,655,342,28,20,1,1,1
547,2,1177,459,22,15,1,1,1
547,7,1022,456,22,18,1,1,1
547,8,1225,297,24,15,1,1,1
548,1,655,343,28,20,1,1,1
548,2,1179,461,22,15,1,1,1
548,7,1022,456,22,18,1,1,1
548,8,1226,300,24,15,1,1,1
549,1,655,344,28,18,1,1,1
549,2,1180,462,22,15,1,1,1
549,7,1022,456,22,18,1,1,1
549,8,1227,302,24,15,1,1,1
550,1,655,346,28,18,1,1,1
550,2,1180,465,22,15,1,1,1
550,7,1022,456,22,18,1,1,1
550,8,1228,306,24,15,1,1,1
551,1,655,347,28,18,1,1,1
551,2,1184,467,22,15,1,1,1
551,7,1022,455,22,18,1,1,1
551,8,1229,308,24,15,1,1,1
552,1,655,347,28,19,1,1,1
552,2,1185,469,22,15,1,1,1
552,7,1023,454,22,18,1,1,1
552,8,1230,310,24,15,1,1,1
553,1,655,348,28,19,1,1,1
553,2,1187,470,22,15,1,1,1
553,7,1023,453,22,18,1,1,1
553,8,1230,312,24,15,1,1,1
554,1,655,350,28,19,1,1,1
554,2,1189,473,22,15,1,1,1
554,7,1023,452,22,18,1,1,1
554,8,1232,316,24,15,1,1,1
555,1,655,351,28,20,1,1,1
555,2,1188,475,22,15,1,1,1
555,7,1024,450,22,18,1,1,1
555,8,1232,319,24,15,1,1,1
556,1,655,352,28,20,1,1,1
556,2,1191,476,22,15,1,1,1
556,7,1024,449,22,18,1,1,1
556,8,1233,321,24,15,1,1,1
557,1,657,353,26,20,1,1,1
557,2,1193,477,22,15,1,1,1
557,7,1024,448,22,18,1,1,1
557,8,1233,323,24,15,1,1,1
558,1,656,355,28,18,1,1,1
558,2,1196,479,22,15,1,1,1
558,7,1025,444,22,18,1,1,1
558,8,1235,327,24,15,1,1,1
559,1,656,356,28,19,1,1,1
559,2,1197,480,22,15,1,1,1
559,7,1026,442,22,18,1,1,1
559,8,1236,330,24,15,1,1,1
560,1,656,357,28,19,1,1,1
560,2,1198,480,22,15,1,1,1
560,7,1027,440,22,18,1,1,1
560,8,1236,332,24,15,1,1,1
561,1,656,359,28,19,1,1,1
561,2,1201,482,22,15,1,1,1
561,7,1027,436,22,18,1,1,1
561,8,1237,336,24,15,1,1,1
562,1,656,360,28,19,1,1,1
562,2,1202,483,22,15,1,1,1
562,7,1029,434,22,18,1,1,1
562,8,1238,339,24,15,1,1,1
563,1,656,361,27,19,1,1,1
563,2,1203,483,22,15,1,1,1
563,7,1030,431,22,18,1,1,1
563,8,1239,341,24,15,1,1,1
564,1,656,362,27,18,1,1,1
564,2,1204,484,22,15,1,1,1
564,7,1030,429,22,18,1,1,1
564,8,1239,343,24,15,1,1,1
565,1,656,364,29,19,1,1,1
565,2,1207,484,22,15,1,1,1
565,7,1031,424,22,18,1,1,1
565,8,1240,348,24,15,1,1,1
566,1,656,365,29,19,1,1,1
566,2,1208,484,22,15,1,1,1
566,7,1032,420,22,18,1,1,1
566,8,1241,351,24,15,1,1,1
567,1,656,367,29,20,1,1,1
567,2,1209,483,22,15,1,1,1
567,7,1034,415,22,18,1,1,1
567,8,1242,355,24,15,1,1,1
568,1,656,368,29,19,1,1,1
568,2,1210,482,22,15,1,1,1
568,7,1035,412,22,18,1,1,1
568,8,1244,358,24,15,1,1,1
569,1,656,369,29,19,1,1,1
569,2,1211,482,22,15,1,1,1
569,7,1036,409,22,18,1,1,1
569,8,1244,360,24,15,1,1,1
570,1,656,370,28,19,1,1,1
570,2,1211,482,22,15,1,1,1
570,7,1037,406,22,18,1,1,1
570,8,1244,363,24,15,1,1,1
571,1,656,372,30,20,1,1,1
571,2,1212,480,22,15,1,1,1
571,7,1039,402,22,18,1,1,1
571,8,1246,367,24,15,1,1,1
572,1,656,373,30,20,1,1,1
572,2,1214,478,22,15,1,1,1
572,7,1040,399,22,18,1,1,1
572,8,1247,370,24,15,1,1,1
573,1,656,374,30,20,1,1,1
573,2,1214,477,22,15,1,1,1
573,7,1041,396,22,18,1,1,1
573,8,1247,373,24,15,1,1,1
574,1,656,376,30,20,1,1,1
574,2,1215,475,22,15,1,1,1
574,7,1042,392,22,18,1,1,1
574,8,1248,377,24,15,1,1,1
575,1,656,378,30,19,1,1,1
575,2,1216,473,22,15,1,1,1
575,7,1044,388,22,18,1,1,1
575,8,1249,381,24,15,1,1,1
576,1,656,379,30,20,1,1,1
576,2,1216,471,22,15,1,1,1
576,7,1045,385,22,18,1,1,1
576,8,1250,383,24,15,1,1,1
577,1,656,381,30,20,1,1,1
577,2,1217,468,22,15,1,1,1
577,7,1047,381,22,18,1,1,1
577,8,1251,388,24,15,1,1,1
578,1,656,382,30,20,1,1,1
578,2,1217,466,22,15,1,1,1
578,7,1048,378,22,18,1,1,1
578,8,1252,391,24,15,1,1,1
579,1,656,384,31,21,1,1,1
579,2,1217,462,22,15,1,1,1
579,7,1050,373,22,18,1,1,1
579,8,1253,396,24,15,1,1,1
580,1,656,386,31,20,1,1,1
580,2,1218,460,22,15,1,1,1
580,7,1052,370,22,18,1,1,1
580,8,1255,399,24,15,1,1,1
581,1,656,387,31,20,1,1,1
581,2,1218,458,22,15,1,1,1
581,7,1053,368,22,18,1,1,1
581,8,1255,402,24,15,1,1,1
582,1,656,388,31,20,1,1,1
582,2,1217,455,22,15,1,1,1
582,7,1054,365,22,18,1,1,1
582,8,1256,404,24,15,1,1,1
583,1,656,390,31,20,1,1,1
583,2,1217,450,22,15,1,1,1
583,7,1055,360,22,18,1,1,1
583,8,1257,409,24,15,1,1,1
584,1,656,392,31,19,1,1,1
584,2,1217,447,22,15,1,1,1
584,7,1057,358,22,18,1,1,1
584,8,1256,413,24,15,1,1,1
585,1,656,393,31,19,1,1,1
585,2,1217,444,22,15,1,1,1
585,7,1058,355,22,18,1,1,1
585,8,1258,415,24,15,1,1,1
586,1,656,395,31,20,1,1,1
586,2,1217,438,22,15,1,1,1
586,7,1060,350,22,18,1,1,1
586,8,1260,420,24,15,1,1,1
587,1,656,397,31,20,1,1,1
587,2,1216,434,22,15,1,1,1
587,7,1062,347,22,18,1,1,1
587,8,1261,424,24,15,1,1,1
588,1,656,398,31,20,1,1,1
588,2,1216,431,22,15,1,1,1
588,7,1063,344,22,18,1,1,1
588,8,1262,427,24,15,1,1,1
589,1,656,399,31,20,1,1,1
589,2,1216,429,22,15,1,1,1
589,7,1064,342,22,18,1,1,1
589,8,1263,430,24,15,1,1,1
590,1,655,402,32,20,1,1,1
590,2,1215,423,22,15,1,1,1
590,7,1066,336,22,18,1,1,1
590,8,1264,434,24,15,1,1,1
591,1,655,403,32,21,1,1,1
591,2,1214,419,22,15,1,1,1
591,7,1068,333,22,18,1,1,1
591,8,1265,438,24,15,1,1,1
592,1,655,406,32,20,1,1,1
592,2,1213,414,22,15,1,1,1
592,7,1070,329,22,18,1,1,1
592,8,1267,443,24,15,1,1,1
593,1,655,407,32,21,1,1,1
593,2,1212,411,22,15,1,1,1
593,7,1071,325,22,18,1,1,1
593,8,1268,447,24,15,1,1,1
594,1,655,408,31,21,1,1,1
594,2,1212,408,22,15,1,1,1
594,7,1073,322,22,18,1,1,1
594,8,1269,450,24,15,1,1,1
595,1,654,409,32,21,1,1,1
595,2,1211,405,22,15,1,1,1
595,7,1074,319,22,18,1,1,1
595,8,1269,453,24,15,1,1,1
596,1,654,411,32,21,1,1,1
596,2,1210,400,22,15,1,1,1
596,7,1076,314,22,18,1,1,1
596,8,1271,458,24,15,1,1,1
597,1,653,412,33,20,1,1,1
597,2,1209,396,22,15,1,1,1
597,7,1077,309,22,18,1,1,1
597,8,1273,462,24,15,1,1,1
598,1,653,412,32,21,1,1,1
598,2,1209,394,22,15,1,1,1
598,7,1079,307,22,18,1,1,1
598,8,1274,465,24,15,1,1,1
599,1,651,413,34,21,1,1,1
599,2,1208,389,22,15,1,1,1
599,7,1081,301,22,18,1,1,1
599,8,1275,470,24,15,1,1,1
600,1,651,413,34,22,1,1,1
600,2,1207,385,22,15,1,1,1
600,7,1082,297,22,18,1,1,1
600,8,1277,475,24,15,1,1,1
601,1,650,413,34,22,1,1,1
601,2,1206,383,22,15,1,1,1
601,7,1084,295,22,18,1,1,1
601,8,1278,477,24,15,1,1,1
602,1,648,413,36,23,1,1,1
602,2,1205,378,22,15,1,1,1
602,7,1085,289,22,18,1,1,1
602,8,1279,482,24,15,1,1,1
603,1,647,413,36,23,1,1,1
603,2,1204,375,22,15,1,1,1
603,7,1087,286,22,18,1,1,1
603,8,1281,486,24,15,1,1,1
604,1,646,414,37,22,1,1,1
604,2,1203,372,22,15,1,1,1
604,7,1088,283,22,18,1,1,1
604,8,1282,488,24,15,1,1,1
605,1,645,412,37,24,1,1,1
605,2,1202,369,22,15,1,1,1
605,7,1089,281,22,18,1,1,1
605,8,1283,490,24,15,1,1,1
606,1,644,412,38,23,1,1,1
606,2,1201,367,22,15,1,1,1
606,7,1090,278,22,18,1,1,1
606,8,1284,493,24,15,1,1,1
607,1,642,410,38,24,1,1,1
607,2,1200,362,22,15,1,1,1
607,7,1092,273,22,18,1,1,1
607,8,1285,496,24,15,1,1,1
608,1,641,409,38,24,1,1,1
608,2,1199,358,22,15,1,1,1
608,7,1093,271,22,18,1,1,1
608,8,1287,499,24,15,1,1,1
609,1,640,408,39,24,1,1,1
609,2,1198,356,22,15,1,1,1
609,7,1094,270,22,18,1,1,1
609,8,1288,500,24,15,1,1,1
610,1,638,407,40,24,1,1,1
610,2,1198,353,22,15,1,1,1
610,7,1095,268,22,18,1,1,1
610,8,1289,502,24,15,1,1,1
611,1,636,404,39,25,1,1,1
611,2,1196,348,22,15,1,1,1
611,7,1096,266,22,18,1,1,1
611,8,1290,504,24,15,1,1,1
612,1,634,402,40,25,1,1,1
612,2,1195,345,22,15,1,1,1
612,7,1097,263,22,18,1,1,1
612,8,1292,506,24,15,1,1,1
613,1,633,400,39,25,1,1,1
613,2,1194,342,22,15,1,1,1
613,7,1099,260,22,18,1,1,1
613,8,1293,507,24,15,1,1,1
614,1,631,399,40,25,1,1,1
614,2,1193,339,22,15,1,1,1
614,7,1099,257,22,18,1,1,1
614,8,1294,508,24,15,1,1,1
615,1,629,397,40,25,1,1,1
615,2,1193,336,22,15,1,1,1
615,7,1100,254,22,18,1,1,1
615,8,1295,508,24,15,1,1,1
616,1,626,392,39,26,1,1,1
616,2,1191,330,22,15,1,1,1
616